volume,path,offset,size,date,kind,head4
TO7ROOT,/CEI.IRX,59392,75808,2005-11-14 14:18:18 +36,ELF,7f454c46
TO7ROOT,/CEID.IRX,137216,85584,2005-11-14 14:18:18 +36,ELF,7f454c46
TO7ROOT,/DISC.TXD,223232,11440,2005-11-09 22:28:39 +36,?,16000000
TO7ROOT,/EFFECT.TXD,235520,137284,2005-10-05 12:02:31 +36,?,16000000
TO7ROOT,/ENDROLL.TM2,374784,20832,2005-10-20 22:07:27 +36,TIM2,54494d32
TO7ROOT,/FIELD00.SB7,397312,1413348,2005-11-11 18:12:48 +36,SB7,53423720
TO7ROOT,/FIELD01.SB7,1812480,951236,2005-11-11 18:13:00 +36,SB7,53423720
TO7ROOT,/FIELD02.SB7,2764800,522712,2005-11-11 18:13:08 +36,SB7,53423720
TO7ROOT,/FIELD03.SB7,3289088,2570372,2005-11-11 18:13:19 +36,SB7,53423720
TO7ROOT,/ITEMCREATE.DAT,5861376,4096,2005-10-17 13:09:13 +36,?,4000af00
TO7ROOT,/MAPTABLE.MBT,5865472,43220,2005-11-08 14:02:58 +36,?,8a020000
TO7ROOT,/MEM2MB.IRX,5910528,1425,2000-04-25 16:15:40 +36,ELF,7f454c46
TO7ROOT,/MESSAGE.DAT,5912576,45660,2005-10-05 12:02:31 +36,FPS3,46505333
TO7ROOT,/MYU_ICON.NPC,5959680,115896,2005-10-05 12:02:31 +36,FPS3,46505333
TO7ROOT,/OV_DVD_BTL.OVL,6076416,571904,2005-11-25 22:37:41 +36,MWo3 overlay,4d576f33
TO7ROOT,/OV_DVD_FIELD.OVL,6649856,665984,2005-11-25 22:37:41 +36,MWo3 overlay,4d576f33
TO7ROOT,/OV_DVD_SFD.OVL,7317504,268800,2005-11-25 22:37:41 +36,MWo3 overlay,4d576f33
TO7ROOT,/OV_DVD_SKIT.OVL,7587840,215936,2005-11-25 22:37:41 +36,MWo3 overlay,4d576f33
TO7ROOT,/OV_D_BTL.OVL,7804928,740352,2005-10-29 17:45:26 +36,MWo3 overlay,4d576f33
TO7ROOT,/OV_D_FIELD.OVL,8546304,738944,2005-10-29 17:45:26 +36,MWo3 overlay,4d576f33
TO7ROOT,/OV_D_SFD.OVL,9285632,32512,2005-10-29 17:45:26 +36,MWo3 overlay,4d576f33
TO7ROOT,/OV_D_SKIT.OVL,9318400,244480,2005-10-29 17:45:26 +36,MWo3 overlay,4d576f33
TO7ROOT,/OV_FR_BTL.OVL,9564160,571904,2005-11-25 22:37:31 +36,MWo3 overlay,4d576f33
TO7ROOT,/OV_FR_FIELD.OVL,10137600,665984,2005-11-25 22:37:31 +36,MWo3 overlay,4d576f33
TO7ROOT,/OV_FR_SFD.OVL,10805248,268800,2005-11-25 22:37:31 +36,MWo3 overlay,4d576f33
TO7ROOT,/OV_FR_SKIT.OVL,11075584,215936,2005-11-25 22:37:31 +36,MWo3 overlay,4d576f33
TO7ROOT,/OV_F_DVD_BTL.OVL,11292672,560768,2005-10-28 05:19:12 +36,MWo3 overlay,4d576f33
TO7ROOT,/OV_F_DVD_FIELD.OVL,11853824,637312,2005-10-28 05:19:12 +36,MWo3 overlay,4d576f33
TO7ROOT,/OV_F_DVD_SFD.OVL,12492800,268800,2005-10-28 05:19:12 +36,MWo3 overlay,4d576f33
TO7ROOT,/OV_F_DVD_SKIT.OVL,12763136,215552,2005-10-28 05:19:12 +36,MWo3 overlay,4d576f33
TO7ROOT,/OV_MD_BTL.OVL,12980224,747264,2005-11-21 00:47:25 +36,MWo3 overlay,4d576f33
TO7ROOT,/OV_MD_FIELD.OVL,13727744,772992,2005-11-21 00:47:25 +36,MWo3 overlay,4d576f33
TO7ROOT,/OV_MD_SFD.OVL,14501888,268800,2005-11-21 00:47:25 +36,MWo3 overlay,4d576f33
TO7ROOT,/OV_MD_SKIT.OVL,14772224,247552,2005-11-21 00:47:25 +36,MWo3 overlay,4d576f33
TO7ROOT,/OV_PDVD_BTL.OVL,15020032,520704,2005-11-25 22:37:58 +36,MWo3 overlay,4d576f33
TO7ROOT,/OV_PDVD_FIELD.OVL,15542272,492416,2005-11-25 22:37:58 +36,MWo3 overlay,4d576f33
TO7ROOT,/OV_PDVD_SFD.OVL,16035840,268800,2005-11-25 22:37:58 +36,MWo3 overlay,4d576f33
TO7ROOT,/OV_PDVD_SKIT.OVL,16306176,206976,2005-11-25 22:37:58 +36,MWo3 overlay,4d576f33
TO7ROOT,/OV_PFR_BTL.OVL,16515072,520704,2005-11-25 22:37:50 +36,MWo3 overlay,4d576f33
TO7ROOT,/OV_PFR_FIELD.OVL,17037312,492416,2005-11-25 22:37:50 +36,MWo3 overlay,4d576f33
TO7ROOT,/OV_PFR_SFD.OVL,17530880,268800,2005-11-25 22:37:50 +36,MWo3 overlay,4d576f33
TO7ROOT,/OV_PFR_SKIT.OVL,17801216,206976,2005-11-25 22:37:50 +36,MWo3 overlay,4d576f33
TO7ROOT,/OV_P_S_DVD_BTL.OVL,18010112,520704,2005-11-25 20:20:49 +36,MWo3 overlay,4d576f33
TO7ROOT,/OV_P_S_DVD_FIELD.OVL,18532352,492416,2005-11-25 20:20:49 +36,MWo3 overlay,4d576f33
TO7ROOT,/OV_P_S_DVD_SFD.OVL,19025920,268800,2005-11-25 20:20:49 +36,MWo3 overlay,4d576f33
TO7ROOT,/OV_P_S_DVD_SKIT.OVL,19296256,206976,2005-11-25 20:20:49 +36,MWo3 overlay,4d576f33
TO7ROOT,/OV_R_BTL.OVL,19505152,429312,2005-08-02 13:43:50 +36,MWo3 overlay,4d576f33
TO7ROOT,/OV_R_FIELD.OVL,19935232,331904,2005-08-02 13:43:50 +36,MWo3 overlay,4d576f33
TO7ROOT,/OV_R_SFD.OVL,20269056,32512,2005-08-02 13:43:50 +36,MWo3 overlay,4d576f33
TO7ROOT,/OV_R_SKIT.OVL,20301824,355200,2005-08-02 13:43:50 +36,MWo3 overlay,4d576f33
TO7ROOT,/PFM.IRX,20658176,71696,2005-11-04 14:35:57 +36,ELF,7f454c46
TO7ROOT,/PFMD.IRX,20731904,97200,2005-11-07 02:29:07 +36,ELF,7f454c46
TO7ROOT,/SDM.IRX,20830208,60992,2005-11-14 14:18:18 +36,ELF,7f454c46
TO7ROOT,/SDMD.IRX,20891648,55424,2005-11-14 14:18:18 +36,ELF,7f454c46
TO7ROOT,/SKIT001.DAT,20948992,128844,2005-07-15 14:29:06 +36,FPS3,46505333
TO7ROOT,/SOUNDEXEC.ON,21078016,16,2005-08-12 18:08:19 +36,?,64646464
TO7ROOT,/SUNLIGHT.TM2,21080064,2112,2005-10-05 12:02:32 +36,TIM2,54494d32
TO7ROOT,/SUNLIGHT.TXD,21084160,2368,2005-10-25 16:58:40 +36,?,16000000
TO7ROOT,/SYSTEM.CNF,21088256,57,2005-10-29 16:39:13 +36,?,424f4f54
TO7ROOT,/S_NAMCOLOGO.TM2,21090304,143664,2005-10-05 12:02:31 +36,TIM2,54494d32
TO7ROOT,/S_TOA_LOGO.TM2,21235712,317824,2005-10-05 12:02:32 +36,TIM2,54494d32
TO7ROOT,/TERRBOX111.CB7,21555200,704,2005-10-21 11:22:52 +36,?,43423720
TO7ROOT,/TITLE.TXD,21557248,297260,2005-10-05 12:02:32 +36,?,16000000
TO7ROOT,/TO7PUBLIC.TXD,21856256,81352,2005-10-05 12:02:32 +36,?,16000000
TO7ROOT,/TOAEND_JP.TXT,21938176,12397,2005-11-14 13:02:40 +36,?,0d0a0d0a
TO7ROOT,/VSSVER.SCC,21952512,2912,2005-11-25 16:52:46 +36,VSSVER.SCC,34120100
TO7ROOT,/_ACS_.DAT,21956608,8128,2005-11-09 12:36:25 +36,?,cdcc4c3e
TO7ROOT,/_CC_.DAT,21964800,256,2005-10-05 12:02:27 +36,?,cdcccc3d
TO7ROOT,/_CKD_.DAT,21966848,6752,2005-11-09 17:47:23 +36,?,9a99993e
TO7ROOT,/_CLBD.DAT,21975040,5177488,2005-11-17 21:20:06 +36,zero-lead,00000000
TO7ROOT,/_FONTA.TM2,27154432,1312496,2005-10-05 12:02:27 +36,TIM2,54494d32
TO7ROOT,/_FONTB.TM2,28467200,644352,2005-11-01 13:45:44 +36,TIM2,54494d32
TO7ROOT,/_GRUP_.DAT,29112320,592,2005-10-26 19:27:11 +36,?,d2000000
TO7ROOT,/_ITEM1.TXD,29114368,717208,2005-10-05 12:02:27 +36,?,16000000
TO7ROOT,/_I_.DAT,29833216,89104,2005-11-17 21:20:06 +36,?,9a99193f
TO7ROOT,/_I_ICO.DAT,29923328,1296384,2005-10-27 17:06:43 +36,?,16000000
TO7ROOT,/_MCICO.DAT,31219712,40448,2005-10-11 13:19:31 +36,?,00000100
TO7ROOT,/_MCICO.SLZ,31260672,24546,2005-11-25 16:52:42 +36,codec block,03d95f00
TO7ROOT,/_SD000.SPB,31285248,48130,2005-11-11 20:06:08 +36,?,cdcccc3d
TO7ROOT,/_SD001.SPB,31334400,7598,2005-10-26 19:27:13 +36,?,cdcccc3d
TO7ROOT,/_SD002.SPB,31342592,7674,2005-10-26 19:27:13 +36,?,cdcccc3d
TO7ROOT,/_SD003.SPB,31350784,4652,2005-10-24 10:07:32 +36,?,cdcccc3d
TO7ROOT,/_SD004.SPB,31356928,4576,2005-10-13 10:31:57 +36,?,cdcccc3d
TO7ROOT,/_SD005.SPB,31363072,3074,2005-10-11 13:14:56 +36,?,cdcccc3d
TO7ROOT,/_SD006.SPB,31367168,1981,2005-10-11 13:14:56 +36,?,cdcccc3d
TO7ROOT,/_SD007.SPB,31369216,9147,2005-10-24 10:07:32 +36,?,cdcccc3d
TO7ROOT,/_SD008.SPB,31379456,9299,2005-10-25 16:58:39 +36,?,cdcccc3d
TO7ROOT,/_SD009.SPB,31389696,3719,2005-10-24 10:07:33 +36,?,cdcccc3d
TO7ROOT,/_SD010.SPB,31393792,3308,2005-10-17 15:35:01 +36,?,cdcccc3d
TO7ROOT,/_SD011.SPB,31397888,1981,2005-10-28 14:39:15 +36,?,cdcccc3d
TO7ROOT,/_SD012.SPB,31399936,1981,2005-10-28 14:39:15 +36,?,cdcccc3d
TO7ROOT,/_SD013.SPB,31401984,5488,2005-10-28 14:39:15 +36,?,cdcccc3d
TO7ROOT,/_SD015.SPB,31408128,4775,2005-10-11 13:14:56 +36,?,cdcccc3d
TO7ROOT,/_SD016.SPB,31414272,4319,2005-10-26 19:27:13 +36,?,cdcccc3d
TO7ROOT,/_SD017.SPB,31420416,6963,2005-10-11 13:14:56 +36,?,cdcccc3d
TO7ROOT,/_SD018.SPB,31428608,7115,2005-10-11 13:14:56 +36,?,cdcccc3d
TO7ROOT,/_SD020.SPB,31436800,4547,2005-10-17 10:42:12 +36,?,cdcccc3d
TO7ROOT,/_SD022.SPB,31442944,2466,2005-10-28 14:39:15 +36,?,cdcccc3d
TO7ROOT,/_SD023.SPB,31447040,4091,2005-10-24 10:07:33 +36,?,cdcccc3d
TO7ROOT,/_SD026.SPB,31451136,6685,2005-10-24 10:07:33 +36,?,cdcccc3d
TO7ROOT,/_SD027.SPB,31459328,5412,2005-11-11 20:06:08 +36,?,cdcccc3d
TO7ROOT,/_SD028.SPB,31465472,4728,2005-10-25 16:58:39 +36,?,cdcccc3d
TO7ROOT,/_SD029.SPB,31471616,4927,2005-10-24 10:07:33 +36,?,cdcccc3d
TO7ROOT,/_SD030.SPB,31477760,9252,2005-11-11 20:06:09 +36,?,cdcccc3d
TO7ROOT,/_SD031.SPB,31488000,6306,2005-10-26 19:27:13 +36,?,cdcccc3d
TO7ROOT,/_SLTSKL_.DAT,31496192,1200,2005-11-09 23:13:20 +36,?,cdcccc3d
TO7ROOT,/_SOUNDEXEC.ON,31498240,13,2005-08-02 12:11:35 +36,?,0d0a0d0a
TO7ROOT,/_SP_.DAT,31500288,31216,2005-11-09 23:13:20 +36,?,9a99993e
TO7ROOT,/_STG_.DAT,31533056,2688,2005-11-02 16:13:14 +36,?,cdcc4c3e
TO7ROOT,/_S_CC.TXD,31537152,272160,2005-10-26 19:58:59 +36,?,16000000
TO7ROOT,/_S_COOKING.TXD,31809536,30328,2005-10-26 19:58:59 +36,?,16000000
TO7ROOT,/_S_DNG01_01_PIC.TXD,31840256,20168,2005-10-17 10:42:11 +36,?,16000000
TO7ROOT,/_S_DNG01_02_PIC.TXD,31860736,20168,2005-10-17 10:42:11 +36,?,16000000
TO7ROOT,/_S_DNG01_PIC.TXD,31881216,20164,2005-10-05 12:02:28 +36,?,16000000
TO7ROOT,/_S_DNG02_01_PIC.TXD,31901696,20168,2005-10-17 10:42:11 +36,?,16000000
TO7ROOT,/_S_DNG02_PIC.TXD,31922176,20164,2005-10-05 12:02:28 +36,?,16000000
TO7ROOT,/_S_DNG03_PIC.TXD,31942656,20164,2005-10-05 12:02:29 +36,?,16000000
TO7ROOT,/_S_DNG05_01_PIC.TXD,31963136,20168,2005-10-17 10:42:11 +36,?,16000000
TO7ROOT,/_S_DNG05_PIC.TXD,31983616,20164,2005-10-05 12:02:29 +36,?,16000000
TO7ROOT,/_S_DNG06_01_PIC.TXD,32004096,20168,2005-10-17 10:42:11 +36,?,16000000
TO7ROOT,/_S_DNG06_PIC.TXD,32024576,20164,2005-10-05 12:02:29 +36,?,16000000
TO7ROOT,/_S_DNG07_PIC.TXD,32045056,20164,2005-10-05 12:02:29 +36,?,16000000
TO7ROOT,/_S_DNG08_01_PIC.TXD,32065536,20168,2005-10-17 10:42:11 +36,?,16000000
TO7ROOT,/_S_DNG08_PIC.TXD,32086016,20164,2005-10-05 12:02:29 +36,?,16000000
TO7ROOT,/_S_DNG09_01_PIC.TXD,32106496,20168,2005-10-17 10:42:11 +36,?,16000000
TO7ROOT,/_S_DNG09_PIC.TXD,32126976,20164,2005-10-05 12:02:29 +36,?,16000000
TO7ROOT,/_S_DNG10_01_PIC.TXD,32147456,20168,2005-10-17 10:42:11 +36,?,16000000
TO7ROOT,/_S_DNG10_02_PIC.TXD,32167936,20168,2005-10-17 10:42:11 +36,?,16000000
TO7ROOT,/_S_DNG10_PIC.TXD,32188416,20164,2005-10-05 12:02:29 +36,?,16000000
TO7ROOT,/_S_DNG11_01_PIC.TXD,32208896,20168,2005-10-17 10:42:11 +36,?,16000000
TO7ROOT,/_S_DNG11_PIC.TXD,32229376,20164,2005-10-05 12:02:29 +36,?,16000000
TO7ROOT,/_S_DNG12_01_PIC.TXD,32249856,20168,2005-10-17 10:42:11 +36,?,16000000
TO7ROOT,/_S_DNG12_02_PIC.TXD,32270336,20168,2005-10-17 10:42:11 +36,?,16000000
TO7ROOT,/_S_DNG12_03_PIC.TXD,32290816,20168,2005-10-17 10:42:11 +36,?,16000000
TO7ROOT,/_S_DNG12_PIC.TXD,32311296,20164,2005-10-05 12:02:29 +36,?,16000000
TO7ROOT,/_S_DNG13_01_PIC.TXD,32331776,20168,2005-10-17 10:42:11 +36,?,16000000
TO7ROOT,/_S_DNG13_PIC.TXD,32352256,20164,2005-10-05 12:02:29 +36,?,16000000
TO7ROOT,/_S_DNG14_01_PIC.TXD,32372736,20168,2005-10-17 10:42:11 +36,?,16000000
TO7ROOT,/_S_DNG14_PIC.TXD,32393216,20164,2005-10-05 12:02:29 +36,?,16000000
TO7ROOT,/_S_DNG15_01_PIC.TXD,32413696,20168,2005-10-17 10:42:11 +36,?,16000000
TO7ROOT,/_S_DNG15_02_PIC.TXD,32434176,20168,2005-10-17 10:42:11 +36,?,16000000
TO7ROOT,/_S_DNG15_03_PIC.TXD,32454656,20168,2005-10-17 10:42:11 +36,?,16000000
TO7ROOT,/_S_DNG15_04_PIC.TXD,32475136,20168,2005-10-17 10:42:11 +36,?,16000000
TO7ROOT,/_S_DNG15_PIC.TXD,32495616,20164,2005-10-05 12:02:29 +36,?,16000000
TO7ROOT,/_S_DNG17_01_PIC.TXD,32516096,20168,2005-10-17 10:42:11 +36,?,16000000
TO7ROOT,/_S_DNG17_02_PIC.TXD,32536576,20168,2005-10-17 10:42:11 +36,?,16000000
TO7ROOT,/_S_DNG17_03_PIC.TXD,32557056,20168,2005-10-17 10:42:11 +36,?,16000000
TO7ROOT,/_S_DNG17_PIC.TXD,32577536,20164,2005-10-05 12:02:29 +36,?,16000000
TO7ROOT,/_S_DNG18_01_PIC.TXD,32598016,20168,2005-10-17 10:42:11 +36,?,16000000
TO7ROOT,/_S_DNG18_PIC.TXD,32618496,20164,2005-10-05 12:02:29 +36,?,16000000
TO7ROOT,/_S_DNG19_01_PIC.TXD,32638976,20168,2005-10-17 10:42:11 +36,?,16000000
TO7ROOT,/_S_DNG19_02_PIC.TXD,32659456,20168,2005-10-17 10:42:11 +36,?,16000000
TO7ROOT,/_S_DNG19_PIC.TXD,32679936,20164,2005-10-05 12:02:29 +36,?,16000000
TO7ROOT,/_S_DNG22_01_PIC.TXD,32700416,20168,2005-10-17 10:42:11 +36,?,16000000
TO7ROOT,/_S_DNG22_02_PIC.TXD,32720896,20168,2005-10-17 10:42:11 +36,?,16000000
TO7ROOT,/_S_DNG22_03_PIC.TXD,32741376,20168,2005-10-17 10:42:11 +36,?,16000000
TO7ROOT,/_S_DNG22_04_PIC.TXD,32761856,20168,2005-10-17 10:42:11 +36,?,16000000
TO7ROOT,/_S_DNG22_05_PIC.TXD,32782336,20168,2005-10-17 10:42:11 +36,?,16000000
TO7ROOT,/_S_DNG22_PIC.TXD,32802816,20164,2005-10-05 12:02:29 +36,?,16000000
TO7ROOT,/_S_DNG23_01_PIC.TXD,32823296,20168,2005-10-17 10:42:11 +36,?,16000000
TO7ROOT,/_S_DNG23_PIC.TXD,32843776,20164,2005-10-05 12:02:29 +36,?,16000000
TO7ROOT,/_S_DNG24_01_PIC.TXD,32864256,20168,2005-10-17 10:42:11 +36,?,16000000
TO7ROOT,/_S_DNG24_PIC.TXD,32884736,20164,2005-10-05 12:02:29 +36,?,16000000
TO7ROOT,/_S_DNG25_01_PIC.TXD,32905216,20168,2005-10-17 10:42:11 +36,?,16000000
TO7ROOT,/_S_DNG25_PIC.TXD,32925696,20164,2005-10-05 12:02:29 +36,?,16000000
TO7ROOT,/_S_DNG26_01_PIC.TXD,32946176,20168,2005-10-17 10:42:11 +36,?,16000000
TO7ROOT,/_S_DNG26_PIC.TXD,32966656,20164,2005-10-05 12:02:29 +36,?,16000000
TO7ROOT,/_S_DNG27_01_PIC.TXD,32987136,20168,2005-10-17 10:42:11 +36,?,16000000
TO7ROOT,/_S_DNG27_PIC.TXD,33007616,20164,2005-10-05 12:02:29 +36,?,16000000
TO7ROOT,/_S_DNG29_01_PIC.TXD,33028096,20168,2005-10-17 10:42:11 +36,?,16000000
TO7ROOT,/_S_DNG29_PIC.TXD,33048576,20164,2005-10-05 12:02:29 +36,?,16000000
TO7ROOT,/_S_DNG30_01_PIC.TXD,33069056,20168,2005-10-17 10:42:11 +36,?,16000000
TO7ROOT,/_S_DNG30_02_PIC.TXD,33089536,20168,2005-10-17 10:42:11 +36,?,16000000
TO7ROOT,/_S_DNG30_PIC.TXD,33110016,20164,2005-10-05 12:02:29 +36,?,16000000
TO7ROOT,/_S_DNG31_01_PIC.TXD,33130496,20168,2005-10-17 10:42:11 +36,?,16000000
TO7ROOT,/_S_DNG31_PIC.TXD,33150976,20164,2005-10-05 12:02:29 +36,?,16000000
TO7ROOT,/_S_DNG32_01_PIC.TXD,33171456,20168,2005-10-17 10:42:11 +36,?,16000000
TO7ROOT,/_S_DNG32_PIC.TXD,33191936,20164,2005-10-05 12:02:29 +36,?,16000000
TO7ROOT,/_S_MENU.TM2,33212416,519088,2005-11-01 17:01:37 +36,TIM2,54494d32
TO7ROOT,/_S_STATUS_C01.TXD,33732608,134852,2005-10-24 10:45:30 +36,?,16000000
TO7ROOT,/_S_STATUS_C02.TXD,33867776,134852,2005-10-24 10:45:30 +36,?,16000000
TO7ROOT,/_S_STATUS_C03.TXD,34002944,134852,2005-10-24 10:45:30 +36,?,16000000
TO7ROOT,/_S_STATUS_C04.TXD,34138112,134852,2005-10-24 10:45:30 +36,?,16000000
TO7ROOT,/_S_STATUS_C05.TXD,34273280,134852,2005-10-24 10:45:30 +36,?,16000000
TO7ROOT,/_S_STATUS_C06.TXD,34408448,134852,2005-10-24 10:45:30 +36,?,16000000
TO7ROOT,/_S_STATUS_C07.TXD,34543616,134852,2005-10-24 10:45:30 +36,?,16000000
TO7ROOT,/_S_STATUS_C08.TXD,34678784,134852,2005-10-24 10:45:30 +36,?,16000000
TO7ROOT,/_S_TOWN01_PIC.TXD,34813952,20164,2005-10-20 10:54:17 +36,?,16000000
TO7ROOT,/_S_TOWN02_PIC.TXD,34834432,20164,2005-10-05 12:02:29 +36,?,16000000
TO7ROOT,/_S_TOWN03_PIC.TXD,34854912,20164,2005-10-05 12:02:29 +36,?,16000000
TO7ROOT,/_S_TOWN04_PIC.TXD,34875392,20164,2005-10-05 12:02:29 +36,?,16000000
TO7ROOT,/_S_TOWN05_PIC.TXD,34895872,20164,2005-10-05 12:02:29 +36,?,16000000
TO7ROOT,/_S_TOWN06_PIC.TXD,34916352,20164,2005-10-05 12:02:29 +36,?,16000000
TO7ROOT,/_S_TOWN07_PIC.TXD,34936832,20164,2005-10-05 12:02:29 +36,?,16000000
TO7ROOT,/_S_TOWN08_PIC.TXD,34957312,20164,2005-10-05 12:02:29 +36,?,16000000
TO7ROOT,/_S_TOWN09_PIC.TXD,34977792,20164,2005-10-05 12:02:29 +36,?,16000000
TO7ROOT,/_S_TOWN10_PIC.TXD,34998272,20164,2005-10-05 12:02:29 +36,?,16000000
TO7ROOT,/_S_TOWN11_PIC.TXD,35018752,20164,2005-10-05 12:02:29 +36,?,16000000
TO7ROOT,/_S_TOWN12_PIC.TXD,35039232,20164,2005-10-05 12:02:29 +36,?,16000000
TO7ROOT,/_S_TOWN13_PIC.TXD,35059712,20164,2005-10-05 12:02:29 +36,?,16000000
TO7ROOT,/_S_TOWN14_PIC.TXD,35080192,20164,2005-10-05 12:02:29 +36,?,16000000
TO7ROOT,/_S_TOWN15_PIC.TXD,35100672,20164,2005-10-05 12:02:30 +36,?,16000000
TO7ROOT,/_S_TOWN16_PIC.TXD,35121152,20164,2005-10-05 12:02:30 +36,?,16000000
TO7ROOT,/_S_TOWN17_PIC.TXD,35141632,20164,2005-10-05 12:02:30 +36,?,16000000
TO7ROOT,/_S_TOWN18_PIC.TXD,35162112,20164,2005-10-05 12:02:30 +36,?,16000000
TO7ROOT,/_S_TOWN19_PIC.TXD,35182592,20164,2005-10-05 12:02:30 +36,?,16000000
TO7ROOT,/_S_TOWN20_PIC.TXD,35203072,20164,2005-10-05 12:02:30 +36,?,16000000
TO7ROOT,/_S_WORLDMAP0.TXD,35223552,414508,2005-10-26 19:58:59 +36,?,16000000
TO7ROOT,/_S_WORLDMAP1.TXD,35639296,414508,2005-10-26 19:58:59 +36,?,16000000
TO7ROOT,/_S_WORLDMAP2.TXD,36055040,414508,2005-10-26 19:58:59 +36,?,16000000
TO7ROOT,/_S_WORLDMAP3.TXD,36470784,414508,2005-10-26 19:59:00 +36,?,16000000
TO7ROOT,/_S_WORLDMAP4.TXD,36886528,414508,2005-10-26 19:59:00 +36,?,16000000
TO7ROOT,/_S_WORLDMAP5.TXD,37302272,414508,2005-10-26 19:59:00 +36,?,16000000
TO7ROOT,/_S_WORLDMAPB0.TXD,37718016,414508,2005-10-26 19:59:00 +36,?,16000000
TO7ROOT,/_S_WORLDMAPB1.TXD,38133760,414508,2005-10-26 19:59:00 +36,?,16000000
TO7ROOT,/_S_WORLDMAPB2.TXD,38549504,414508,2005-10-26 19:59:00 +36,?,16000000
TO7FIELD,/BBB.B,51200,2048,2005-10-28 14:40:03 +36,FPS3,46505333
TO7FIELD,/BBB.SLZ,53248,170049,2005-11-06 23:15:32 +36,codec block,01389802
TO7FIELD,/DUMMY_00.BIN,225280,16,2005-10-11 11:04:56 +36,zero-lead,00000000
TO7FIELD,/DUMMY_01.BIN,227328,16,2005-10-11 11:04:56 +36,zero-lead,00000000
TO7FIELD,/DUMMY_02.BIN,229376,16,2005-10-11 11:04:56 +36,zero-lead,00000000
TO7FIELD,/DUMMY_03.BIN,231424,16,2005-10-11 11:04:56 +36,zero-lead,00000000
TO7FIELD,/DUMMY_04.BIN,233472,16,2005-10-11 11:04:56 +36,zero-lead,00000000
TO7FIELD,/DUMMY_05.BIN,235520,16,2005-10-11 11:04:56 +36,zero-lead,00000000
TO7FIELD,/DUMMY_06.BIN,237568,16,2005-10-11 11:04:56 +36,zero-lead,00000000
TO7FIELD,/DUMMY_07.BIN,239616,16,2005-10-11 11:04:56 +36,zero-lead,00000000
TO7FIELD,/DUMMY_08.BIN,241664,16,2005-10-11 11:04:56 +36,zero-lead,00000000
TO7FIELD,/DUMMY_09.BIN,243712,16,2005-10-11 11:04:56 +36,zero-lead,00000000
TO7FIELD,/DUMMY_10.BIN,245760,16,2005-10-11 11:04:56 +36,zero-lead,00000000
TO7FIELD,/DUMMY_11.BIN,247808,16,2005-10-11 11:04:56 +36,zero-lead,00000000
TO7FIELD,/DUMMY_12.BIN,249856,16,2005-10-11 11:04:56 +36,zero-lead,00000000
TO7FIELD,/DUMMY_13.BIN,251904,16,2005-10-11 11:04:56 +36,zero-lead,00000000
TO7FIELD,/DUMMY_14.BIN,253952,16,2005-10-11 11:04:56 +36,zero-lead,00000000
TO7FIELD,/DUMMY_15.BIN,256000,16,2005-10-11 11:04:56 +36,zero-lead,00000000
TO7FIELD,/F0.PKF,258048,37951488,2005-11-06 23:15:37 +36,?,01a9c900
TO7FIELD,/F0_2A.PKF,38209536,37175296,2005-11-06 23:15:43 +36,?,01a9c900
TO7FIELD,/F0_3A.PKF,75384832,36669440,2005-11-06 23:15:50 +36,?,01a9c900
TO7FIELD,/F0_3B.PKF,112054272,19154944,2005-11-06 23:15:52 +36,?,0135e400
TO7FIELD,/F0_4A.PKF,131209216,32028672,2005-11-02 18:06:57 +36,?,01a9c900
TO7FIELD,/F0_4B.PKF,163237888,24492032,2005-11-02 18:07:00 +36,?,0135e400
TO7FIELD,/F0_5A.PKF,187729920,37027840,2005-11-06 23:15:57 +36,?,01a9c900
TO7FIELD,/F0_6A.PKF,224757760,37763072,2005-11-02 18:07:11 +36,?,0168ca00
TO7FIELD,/F0_D1.PKF,262520832,4169728,2005-10-28 14:40:38 +36,?,013b9400
TO7FIELD,/F0_D2.PKF,266690560,2799616,2005-10-28 14:40:38 +36,?,0177fe00
TO7FIELD,/F0_D3.PKF,269490176,6901760,2005-10-28 14:40:39 +36,?,01397301
TO7FIELD,/F0_M.PKF,276391936,18681856,2005-11-06 23:15:59 +36,?,0135e400
TO7FIELD,/F1.SLZ,295073792,442906,2005-10-27 17:07:15 +36,codec block,0111c206
TO7FIELD,/F2.SLZ,295518208,580307,2005-10-20 10:55:50 +36,codec block,01cada08
TO7FIELD,/F3.PKF,296099840,29687808,2005-11-02 18:07:15 +36,?,01fb0b00
TO7FIELD,/F3_2A.PKF,325787648,29345792,2005-11-02 18:07:19 +36,?,01fb0b00
TO7FIELD,/F3_3A.PKF,355133440,29106176,2005-11-02 18:07:24 +36,?,01fb0b00
TO7FIELD,/F3_3B.PKF,384239616,19441664,2005-10-17 10:50:42 +36,?,01280900
TO7FIELD,/F3_4A.PKF,403681280,26574848,2005-11-02 18:07:28 +36,?,01fb0b00
TO7FIELD,/F3_4B.PKF,430256128,22214656,2005-11-02 18:07:31 +36,?,01280900
TO7FIELD,/F3_5A.PKF,452470784,29376512,2005-11-12 20:04:51 +36,?,01fb0b00
TO7FIELD,/F3_6A.PKF,481847296,29227008,2005-11-06 23:16:08 +36,?,01fb0b00
TO7FIELD,/F3_D1.PKF,511074304,5521408,2005-10-17 13:10:13 +36,?,01ad0800
TO7FIELD,/F3_D2.PKF,516595712,2832384,2005-10-26 19:59:38 +36,?,01b40b00
TO7FIELD,/F3_D3.PKF,519428096,5855232,2005-10-17 10:51:00 +36,?,01660a00
TO7FIELD,/F3_M.PKF,525283328,19161088,2005-11-02 14:24:41 +36,?,01280900
TO7FIELD,/F4.PKF,544444416,1832960,2005-10-28 14:40:42 +36,?,16000000
TO7FIELD,/F5.B,546277376,2048,2005-10-07 09:41:55 +36,FPS3,46505333
TO7FIELD,/F5.PKF,546279424,169984,2005-10-17 10:51:02 +36,?,16000000
TO7FIELD,/F6.B,546449408,2048,2005-10-27 18:15:47 +36,FPS3,46505333
TO7FIELD,/F6.PKF,546451456,149504,2005-10-27 18:15:47 +36,?,16000000
TO7FIELD,/FD_COLI_DATA.CB7,546600960,37312,2005-11-22 18:20:25 +36,?,8cf582cc
TO7FIELD,/FD_ENC_00.ENC,546639872,37440,2005-11-07 23:06:19 +36,?,2d015000
TO7FIELD,/FD_ENC_00W.ENC,546678784,37440,2005-10-21 11:24:31 +36,?,2d015000
TO7FIELD,/FD_ENC_03.ENC,546717696,37440,2005-10-11 11:06:14 +36,?,e6002300
TO7FIELD,/FD_ENC_03B.ENC,546756608,37440,2005-10-05 12:05:23 +36,?,e4002900
TO7FIELD,/FD_ENC_03C.ENC,546795520,37440,2005-10-11 11:06:14 +36,?,e8002500
TO7FIELD,/FD_ITEM_DATA.ID7,546834432,5840,2005-11-11 18:13:31 +36,?,8ca68e85
TO7FIELD,/FIELD_TEX_C_3B.TXD,546840576,437028,2005-11-02 14:24:42 +36,?,16000000
TO7FIELD,/FIELD_TEX_C_4B.TXD,547278848,1294864,2005-11-02 14:24:42 +36,?,16000000
TO7FIELD,/FIELD_TEX_C_A.TXD,548575232,1402812,2005-11-02 14:24:42 +36,?,16000000
TO7FIELD,/FIELD_TEX_C_A_2A.TXD,549978112,1417272,2005-11-02 14:24:43 +36,?,16000000
TO7FIELD,/FIELD_TEX_C_A_3A.TXD,551397376,1447364,2005-11-02 14:24:43 +36,?,16000000
TO7FIELD,/FIELD_TEX_C_A_4A.TXD,552845312,1066508,2005-11-02 14:24:43 +36,?,16000000
TO7FIELD,/FIELD_TEX_C_A_5A.TXD,553912320,1429992,2005-11-02 14:24:43 +36,?,16000000
TO7FIELD,/FIELD_TEX_C_A_6A.TXD,555343872,1427828,2005-11-02 14:24:43 +36,?,16000000
TO7FIELD,/FIELD_TEX_C_B.TXD,556773376,1182664,2005-10-20 10:56:14 +36,?,16000000
TO7FIELD,/FIELD_TEX_C_B_2A.TXD,557957120,1223412,2005-11-02 14:24:44 +36,?,16000000
TO7FIELD,/FIELD_TEX_C_B_3A.TXD,559181824,1272036,2005-11-02 14:24:44 +36,?,16000000
TO7FIELD,/FIELD_TEX_C_B_4A.TXD,560455680,1165700,2005-11-02 14:24:44 +36,?,16000000
TO7FIELD,/FIELD_TEX_C_B_5A.TXD,561623040,1291656,2005-11-02 14:24:44 +36,?,16000000
TO7FIELD,/FIELD_TEX_C_B_6A.TXD,562915328,1337900,2005-11-02 14:24:44 +36,?,16000000
TO7FIELD,/FIELD_TEX_C_D1.TXD,564254720,337912,2005-10-20 10:56:15 +36,?,16000000
TO7FIELD,/FIELD_TEX_C_D2.TXD,564592640,580152,2005-10-11 11:06:16 +36,?,16000000
TO7FIELD,/FIELD_TEX_C_D3.TXD,565174272,1023948,2005-10-17 10:51:03 +36,?,16000000
TO7FIELD,/FIELD_TEX_C_M.TXD,566198272,393304,2005-10-11 11:06:16 +36,?,16000000
TO7FIELD,/VSSVER.SCC,566593536,1216,2005-11-24 18:17:52 +36,VSSVER.SCC,34120100
TO7MAP,/AJI_D00E.PKB,77824,851898,2005-11-11 17:57:26 +36,codec block,03b1ff0c
TO7MAP,/AJI_D01.PKB,929792,872492,2005-11-11 17:57:39 +36,codec block,0323500d
TO7MAP,/AJI_D02.PKB,1804288,867013,2005-11-11 17:57:48 +36,codec block,03bc3a0d
TO7MAP,/AJI_D03.PKB,2672640,923800,2005-11-11 17:58:01 +36,codec block,038f180e
TO7MAP,/AJI_D04.PKB,3598336,457948,2005-11-11 17:58:11 +36,codec block,03d3fc06
TO7MAP,/AJI_D05.PKB,4057088,417453,2005-11-11 17:58:19 +36,codec block,03a45e06
TO7MAP,/AJI_D06.PKB,4474880,435446,2005-11-11 17:58:26 +36,codec block,03eda406
TO7MAP,/AJI_D07.PKB,4911104,453970,2005-11-11 17:58:36 +36,codec block,0349ed06
TO7MAP,/AJI_D08.PKB,5365760,410302,2005-11-11 17:58:44 +36,codec block,03b54206
TO7MAP,/AJI_D09.PKB,5777408,490181,2005-11-11 17:58:55 +36,codec block,03bc7a07
TO7MAP,/AJI_D10.PKB,6268928,396266,2005-11-11 17:59:02 +36,codec block,03e10b06
TO7MAP,/AJI_D11.PKB,6666240,432213,2005-11-11 17:59:09 +36,codec block,034c9806
TO7MAP,/AJI_D12.PKB,7100416,415203,2005-11-11 17:59:16 +36,codec block,03da5506
TO7MAP,/AJI_D13.PKB,7516160,422474,2005-11-11 17:59:26 +36,codec block,03417206
TO7MAP,/AJI_D14.PKB,7940096,526626,2005-11-11 17:59:37 +36,codec block,03190908
TO7MAP,/AJI_D15.PKB,8468480,481100,2005-11-11 17:59:47 +36,codec block,03435707
TO7MAP,/AJI_D16.PKB,8949760,562669,2005-11-11 18:00:00 +36,codec block,03e49508
TO7MAP,/AJI_D17.PKB,9512960,425442,2005-11-11 18:00:09 +36,codec block,03d97d06
TO7MAP,/AJI_D18.PKB,9938944,503324,2005-11-11 18:00:17 +36,codec block,0313ae07
TO7MAP,/AJI_D19.PKB,10442752,497606,2005-11-11 18:00:25 +36,codec block,03bd9707
TO7MAP,/AJI_D20.PKB,10940416,495689,2005-11-11 18:00:32 +36,codec block,03409007
TO7MAP,/AJI_D21.PKB,11438080,406097,2005-11-11 18:00:39 +36,codec block,03483206
TO7MAP,/AJI_D22.PKB,11845632,501286,2005-11-11 18:00:47 +36,codec block,031da607
TO7MAP,/AJI_D23.PKB,12347392,412200,2005-11-11 18:00:54 +36,codec block,031f4a06
TO7MAP,/AJI_D24.PKB,12761088,416861,2005-11-11 18:01:02 +36,codec block,03545c06
TO7MAP,/AJI_D25.PKB,13178880,498303,2005-11-11 18:01:11 +36,codec block,03769a07
TO7MAP,/AJI_D26.PKB,13678592,751570,2005-11-11 18:01:24 +36,codec block,03c9770b
TO7MAP,/ANI_I00_00.PKB,14430208,1332814,2005-11-11 18:02:17 +36,codec block,03455614
TO7MAP,/ANI_I00_01.PKB,15763456,634682,2005-11-11 18:02:26 +36,codec block,0331af09
TO7MAP,/ANI_I01.PKB,16398336,771996,2005-11-11 18:02:39 +36,codec block,0393c70b
TO7MAP,/ANI_I02.PKB,17170432,618026,2005-11-11 18:02:47 +36,codec block,03216e09
TO7MAP,/ANI_I03.PKB,17788928,567622,2005-11-11 18:02:56 +36,codec block,033da908
TO7MAP,/ANI_T00E.PKB,18358272,1202725,2005-11-11 18:01:42 +36,codec block,031c5a12
TO7MAP,/ANI_T01E.PKB,19562496,1152959,2005-11-11 18:02:00 +36,codec block,03b69711
TO7MAP,/BAS_T00E.PKB,20715520,1395621,2005-11-11 18:03:21 +36,codec block,039c4b15
TO7MAP,/BNI_T00E.PKB,22112256,624306,2005-11-11 18:03:33 +36,codec block,03a98609
TO7MAP,/CAP_I00_00.PKB,22736896,919476,2005-11-11 18:06:55 +36,codec block,03ab070e
TO7MAP,/CAP_I00_01.PKB,23656448,903744,2005-11-16 15:33:03 +36,codec block,0337ca0d
TO7MAP,/CAP_I00_02.PKB,24561664,1112493,2005-11-11 18:07:16 +36,codec block,03a4f910
TO7MAP,/CAP_I00_03.PKB,25675776,724205,2005-11-11 18:07:27 +36,codec block,03e40c0b
TO7MAP,/CAP_I00_04.PKB,26400768,1156881,2005-11-11 18:07:38 +36,codec block,0308a711
TO7MAP,/CAP_I00_05.PKB,27557888,1209496,2005-11-11 18:07:49 +36,codec block,038f7412
TO7MAP,/CAP_I01.PKB,28768256,983927,2005-11-16 15:19:06 +36,codec block,036e030f
TO7MAP,/CAP_I02.PKB,29753344,825436,2005-11-11 18:08:07 +36,codec block,0353980c
TO7MAP,/CAP_I03_00.PKB,30580736,757690,2005-11-11 18:08:17 +36,codec block,03b18f0b
TO7MAP,/CAP_I03_01.PKB,31338496,792503,2005-11-11 18:08:30 +36,codec block,03ae170c
TO7MAP,/CAP_I03_02.PKB,32131072,753890,2005-11-11 18:08:39 +36,codec block,03d9800b
TO7MAP,/CAP_I04.PKB,32886784,1192721,2005-11-11 18:08:49 +36,codec block,03083312
TO7MAP,/CAP_I05_00.PKB,34080768,1387065,2005-11-11 18:09:12 +36,codec block,03302a15
TO7MAP,/CAP_I05_01.PKB,35469312,1437760,2005-11-11 18:09:50 +36,codec block,0337f015
TO7MAP,/CAP_I05_02.PKB,36909056,547711,2005-11-11 18:09:58 +36,codec block,03765b08
TO7MAP,/CAP_I05_03.PKB,37457920,672186,2005-11-11 19:35:41 +36,codec block,03b1410a
TO7MAP,/CAP_I05_04.PKB,38131712,531670,2005-11-11 18:10:23 +36,codec block,03cd1c08
TO7MAP,/CAP_I05_05.PKB,38664192,593615,2005-11-11 18:10:32 +36,codec block,03c60e09
TO7MAP,/CAP_I05_06.PKB,39258112,802860,2005-11-11 18:10:43 +36,codec block,0323400c
TO7MAP,/CAP_I05_07.PKB,40062976,1064058,2005-11-11 18:10:54 +36,codec block,03713c10
TO7MAP,/CAP_I05_08.PKB,41127936,1322658,2005-11-11 18:11:29 +36,codec block,03992e14
TO7MAP,/CAP_I05_09.PKB,42450944,70283,2005-11-11 18:11:36 +36,codec block,03821201
TO7MAP,/CAP_I05_10.PKB,42522624,70281,2005-11-11 18:11:43 +36,codec block,03801201
TO7MAP,/CAP_I05_11.PKB,42594304,1020557,2005-11-11 18:11:52 +36,codec block,0384920f
TO7MAP,/CAP_I06_00.PKB,43616256,1559484,2005-11-11 18:12:23 +36,codec block,03b3cb17
TO7MAP,/CAP_I06_01.PKB,45176832,1525891,2005-11-11 18:12:44 +36,codec block,037a4817
TO7MAP,/CAP_I06_02.PKB,46704640,710939,2005-11-11 18:12:52 +36,codec block,0312d90a
TO7MAP,/CAP_I06_03.PKB,47417344,797805,2005-11-11 18:13:01 +36,codec block,03642c0c
TO7MAP,/CAP_I06_04.PKB,48216064,1191217,2005-11-11 18:13:14 +36,codec block,03282d12
TO7MAP,/CAP_I06_05.PKB,49408000,1502051,2005-11-15 20:48:06 +36,codec block,035aeb16
TO7MAP,/CAP_I06_06.PKB,50911232,1050826,2005-11-11 18:13:47 +36,codec block,03c10810
TO7MAP,/CAP_I06_07.PKB,51963904,613409,2005-11-11 18:13:57 +36,codec block,03185c09
TO7MAP,/CAP_T00E.PKB,52578304,1006378,2005-11-11 18:04:19 +36,codec block,03215b0f
TO7MAP,/CAP_T01.PKB,53585920,1354498,2005-11-11 18:04:52 +36,codec block,03f9aa14
TO7MAP,/CAP_T02.PKB,54941696,1037315,2005-11-22 18:09:14 +36,codec block,03fad30f
TO7MAP,/CAP_T03.PKB,55980032,912856,2005-11-11 18:05:41 +36,codec block,03cfed0d
TO7MAP,/CAP_T04.PKB,56893440,1521139,2005-11-11 18:06:24 +36,codec block,03ea3517
TO7MAP,/CAP_T05.PKB,58415104,1378966,2005-11-12 21:06:29 +36,codec block,038d0a15
TO7MAP,/CAS_D00E.PKB,59795456,727466,2005-11-11 18:14:05 +36,codec block,03a1190b
TO7MAP,/CAS_D01.PKB,60524544,740992,2005-11-11 18:14:16 +36,codec block,03774e0b
TO7MAP,/CAS_D02.PKB,61265920,356789,2005-11-11 18:14:26 +36,codec block,03ac7105
TO7MAP,/CAS_D03.PKB,61624320,363691,2005-11-11 18:14:34 +36,codec block,03a28c05
TO7MAP,/CAS_D04.PKB,61988864,854184,2005-11-11 18:14:44 +36,codec block,039f080d
TO7MAP,/CAS_D05.PKB,62844928,263243,2005-11-11 18:14:52 +36,codec block,03420404
TO7MAP,/CAS_D06.PKB,63109120,308951,2005-11-11 18:15:01 +36,codec block,03ceb604
TO7MAP,/CAS_D07.PKB,63418368,295645,2005-11-11 18:15:09 +36,codec block,03d48204
TO7MAP,/CAS_D08.PKB,63715328,232815,2005-11-11 18:15:16 +36,codec block,03668d03
TO7MAP,/CAS_D09.PKB,63948800,152842,2005-11-11 18:15:21 +36,codec block,03015502
TO7MAP,/CAS_D10.PKB,64102400,1141512,2005-11-11 18:15:31 +36,codec block,03ff6a11
TO7MAP,/CHD_D00E.PKB,65245184,978336,2005-11-11 17:58:25 +36,codec block,0397ed0e
TO7MAP,/CHD_D01.PKB,66224128,873404,2005-11-11 17:58:35 +36,codec block,03b3530d
TO7MAP,/CHD_D02.PKB,67098624,412799,2005-11-11 17:58:42 +36,codec block,03764c06
TO7MAP,/CHD_D03.PKB,67512320,424276,2005-11-11 17:58:48 +36,codec block,034b7906
TO7MAP,/CHD_D04.PKB,67938304,582151,2005-11-11 17:58:55 +36,codec block,03fee108
TO7MAP,/CHD_D05.PKB,68521984,543126,2005-11-11 17:59:01 +36,codec block,038d4908
TO7MAP,/CHD_D06.PKB,69066752,521424,2005-11-11 17:59:07 +36,codec block,03c7f407
TO7MAP,/CHD_D07.PKB,69588992,477294,2005-11-11 17:59:14 +36,codec block,03654807
TO7MAP,/CHD_D08.PKB,70068224,523691,2005-11-11 17:59:23 +36,codec block,03a2fd07
TO7MAP,/CHD_D09.PKB,70592512,476025,2005-11-11 17:59:30 +36,codec block,03704307
TO7MAP,/CHD_D10.PKB,71069696,555166,2005-11-11 17:59:37 +36,codec block,03957808
TO7MAP,/CHD_D11.PKB,71626752,444091,2005-11-11 17:59:45 +36,codec block,03b2c606
TO7MAP,/CHD_D12.PKB,72071168,480021,2005-11-11 17:59:51 +36,codec block,030c5307
TO7MAP,/CHD_D13.PKB,72552448,469908,2005-11-11 17:59:58 +36,codec block,038b2b07
TO7MAP,/CHD_D14.PKB,73023488,533499,2005-11-11 18:00:06 +36,codec block,03f22308
TO7MAP,/CHD_D15.PKB,73558016,514460,2005-11-11 18:00:12 +36,codec block,0393d907
TO7MAP,/CHD_D16.PKB,74074112,436722,2005-11-11 18:00:19 +36,codec block,03e9a906
TO7MAP,/CHD_D17.PKB,74512384,456474,2005-11-11 18:00:25 +36,codec block,0311f706
TO7MAP,/CHD_D18.PKB,74969088,457012,2005-11-11 18:00:31 +36,codec block,032bf906
TO7MAP,/CHD_D19.PKB,75427840,513808,2005-11-11 18:00:37 +36,codec block,0307d707
TO7MAP,/CHD_D20.PKB,75941888,709338,2005-11-11 18:00:48 +36,codec block,03d1d20a
TO7MAP,/CHP_T00E.PKB,76652544,4288,2005-10-05 12:05:49 +36,?,1d000000
TO7MAP,/CHU_I00_00.PKB,76658688,1689417,2005-11-11 18:02:36 +36,codec block,0340c719
TO7MAP,/CHU_I00_01.PKB,78348288,1567050,2005-11-11 18:03:06 +36,codec block,0341e917
TO7MAP,/CHU_I00_02.PKB,79917056,1522021,2005-11-11 18:03:25 +36,codec block,035c3917
TO7MAP,/CHU_I00_03.PKB,81440768,816046,2005-11-11 18:03:35 +36,codec block,03a5730c
TO7MAP,/CHU_I00_04.PKB,82257920,979881,2005-11-11 18:03:52 +36,codec block,03a0f30e
TO7MAP,/CHU_I00_05.PKB,83238912,837303,2005-11-11 18:04:03 +36,codec block,03aec60c
TO7MAP,/CHU_I00_06.PKB,84076544,937362,2005-11-11 18:04:23 +36,codec block,03894d0e
TO7MAP,/CHU_I00_07.PKB,85014528,596262,2005-11-11 18:04:37 +36,codec block,031d1909
TO7MAP,/CHU_I00_08.PKB,85612544,1503689,2005-11-11 18:04:55 +36,codec block,03c0f116
TO7MAP,/CHU_I00_09.PKB,87117824,1801874,2005-11-11 18:05:14 +36,codec block,03897e1b
TO7MAP,/CHU_I00_10.PKB,88920064,482524,2005-11-11 18:05:26 +36,codec block,03d35c07
TO7MAP,/CHU_I00_11.PKB,89403392,489626,2005-11-11 18:05:35 +36,codec block,03917807
TO7MAP,/CHU_I00_12.PKB,89894912,748628,2005-11-11 18:05:44 +36,codec block,034b6c0b
TO7MAP,/CHU_I00_13.PKB,90644480,545260,2005-11-11 18:05:52 +36,codec block,03e35108
TO7MAP,/CHU_I00_14.PKB,91191296,481523,2005-11-11 18:05:59 +36,codec block,03ea5807
TO7MAP,/CHU_I00_15.PKB,91674624,714297,2005-11-11 18:06:11 +36,codec block,0330e60a
TO7MAP,/CHU_I00_16.PKB,92389376,518856,2005-11-11 18:06:20 +36,codec block,03bfea07
TO7MAP,/CHU_I00_17.PKB,92909568,524267,2005-11-11 18:06:27 +36,codec block,03e2ff07
TO7MAP,/CHU_I00_18.PKB,93433856,550872,2005-11-11 18:06:37 +36,codec block,03cf6708
TO7MAP,/CHU_I00_19.PKB,93984768,584458,2005-11-11 18:06:46 +36,codec block,0301eb08
TO7MAP,/CHU_I00_20.PKB,94570496,592274,2005-11-11 18:06:56 +36,codec block,03890909
TO7MAP,/CHU_I00_21.PKB,95164416,520806,2005-11-11 18:07:03 +36,codec block,035df207
TO7MAP,/CHU_I00_22.PKB,95686656,521851,2005-11-11 18:07:10 +36,codec block,0372f607
TO7MAP,/CHU_I00_23.PKB,96208896,549681,2005-11-11 18:07:18 +36,codec block,03286308
TO7MAP,/CHU_I00_24.PKB,96759808,521008,2005-11-11 18:07:25 +36,codec block,0327f307
TO7MAP,/CHU_I00_25.PKB,97282048,568099,2005-11-11 18:07:33 +36,codec block,031aab08
TO7MAP,/CHU_I00_26.PKB,97851392,394950,2005-11-11 18:07:40 +36,codec block,03bd0606
TO7MAP,/CHU_I00_27.PKB,98246656,622869,2005-11-11 18:07:47 +36,codec block,030c8109
TO7MAP,/CHU_I00_28.PKB,98871296,452017,2005-11-11 18:07:55 +36,codec block,03a8e506
TO7MAP,/CHU_I00_29.PKB,99323904,551862,2005-11-11 18:08:02 +36,codec block,03ad6b08
TO7MAP,/CHU_I00_30.PKB,99876864,587391,2005-11-11 18:08:09 +36,codec block,0376f608
TO7MAP,/CHU_I00_31.PKB,100464640,379472,2005-11-11 18:08:16 +36,codec block,0347ca05
TO7MAP,/CHU_I00_32.PKB,100845568,569834,2005-11-11 18:08:23 +36,codec block,03e1b108
TO7MAP,/CHU_I00_33.PKB,101416960,638695,2005-11-11 18:08:30 +36,codec block,03debe09
TO7MAP,/CHU_I00_34.PKB,102055936,770263,2005-11-11 18:08:38 +36,codec block,03cec00b
TO7MAP,/CHU_I00_35.PKB,102828032,629040,2005-11-11 18:08:46 +36,codec block,03279909
TO7MAP,/CHU_I00_36.PKB,103458816,637384,2005-11-11 18:08:54 +36,codec block,03bfb909
TO7MAP,/CHU_I00_37.PKB,104097792,766474,2005-11-11 18:09:03 +36,codec block,0301b20b
TO7MAP,/CHU_I00_38.PKB,104865792,620307,2005-11-11 18:09:10 +36,codec block,030a7709
TO7MAP,/CHU_I00_39.PKB,105486336,483340,2005-11-11 18:09:17 +36,codec block,03036007
TO7MAP,/CHU_I00_40.PKB,105971712,383815,2005-11-11 18:09:26 +36,codec block,033edb05
TO7MAP,/CHU_I00_41.PKB,106356736,560114,2005-11-11 18:09:36 +36,codec block,03e98b08
TO7MAP,/CHU_I00_42.PKB,106917888,711630,2005-11-11 18:09:45 +36,codec block,03c5db0a
TO7MAP,/CHU_I00_43.PKB,107630592,612889,2005-11-11 18:09:52 +36,codec block,03105a09
TO7MAP,/CHU_I00_44.PKB,108244992,571828,2005-11-11 18:10:00 +36,codec block,03abb908
TO7MAP,/CHU_I00_45.PKB,108818432,569318,2005-11-11 18:10:10 +36,codec block,03ddaf08
TO7MAP,/CHU_I00_46.PKB,109387776,511168,2005-11-11 18:10:17 +36,codec block,03b7cc07
TO7MAP,/CHU_I00_47.PKB,109899776,597035,2005-11-11 18:10:29 +36,codec block,03221c09
TO7MAP,/CHU_I00_48.PKB,110497792,547801,2005-11-11 18:10:35 +36,codec block,03d05b08
TO7MAP,/CHU_I00_49.PKB,111046656,658190,2005-11-11 18:10:42 +36,codec block,03050b0a
TO7MAP,/CHU_I00_50.PKB,111706112,563129,2005-11-11 18:10:50 +36,codec block,03b09708
TO7MAP,/CHU_I00_51.PKB,112269312,503760,2005-11-11 18:10:57 +36,codec block,03c7af07
TO7MAP,/CHU_I00_52.PKB,112773120,560668,2005-11-11 18:11:04 +36,codec block,03138e08
TO7MAP,/CHU_I00_53.PKB,113334272,501149,2005-11-11 18:11:11 +36,codec block,0394a507
TO7MAP,/CHU_I00_54.PKB,113836032,558255,2005-11-11 18:11:18 +36,codec block,03a68408
TO7MAP,/CHU_I00_55.PKB,114395136,548513,2005-11-11 18:11:25 +36,codec block,03985e08
TO7MAP,/CHU_I00_56.PKB,114944000,500671,2005-11-11 18:11:32 +36,codec block,03b6a307
TO7MAP,/CHU_I00_57.PKB,115445760,561143,2005-11-11 18:11:39 +36,codec block,03ee8f08
TO7MAP,/CHU_I00_58.PKB,116006912,710988,2005-11-11 18:11:48 +36,codec block,0343d90a
TO7MAP,/CHU_I00_59.PKB,116719616,545087,2005-11-11 18:11:56 +36,codec block,03365108
TO7MAP,/CHU_I00_60.PKB,117266432,570909,2005-11-11 18:12:02 +36,codec block,0314b608
TO7MAP,/CHU_I00_61.PKB,117837824,569919,2005-11-11 18:12:10 +36,codec block,0336b208
TO7MAP,/CHU_I00_62.PKB,118409216,711261,2005-11-11 18:12:19 +36,codec block,0354da0a
TO7MAP,/CHU_I00_63.PKB,119121920,554654,2005-11-11 18:12:27 +36,codec block,03957608
TO7MAP,/CHU_I00_64.PKB,119676928,584105,2005-11-11 18:12:34 +36,codec block,03a0e908
TO7MAP,/CHU_T00E.PKB,120262656,755631,2005-11-11 18:01:04 +36,codec block,03a6870b
TO7MAP,/CHU_T01E.PKB,121018368,880867,2005-11-11 18:01:30 +36,codec block,03da700d
TO7MAP,/CHU_T02.PKB,121901056,1184207,2005-11-11 18:01:58 +36,codec block,03c61112
TO7MAP,/COK_D00E.PKB,123086848,846640,2005-11-16 23:00:05 +36,codec block,0327eb0c
TO7MAP,/COK_D01.PKB,123934720,635609,2005-11-11 18:12:51 +36,codec block,03d0b209
TO7MAP,/COK_D02.PKB,124571648,4736,2005-10-05 12:05:58 +36,?,1d000000
TO7MAP,/COK_D02E.PKB,124577792,1164988,2005-11-17 20:00:33 +36,codec block,03b3c611
TO7MAP,/COK_D03E.PKB,125743104,789373,2005-11-11 18:13:10 +36,codec block,03740b0c
TO7MAP,/COK_D04E.PKB,126533632,872898,2005-11-11 18:13:18 +36,codec block,03b9510d
TO7MAP,/CPO_T00E.PKB,127408128,390854,2005-11-11 18:13:27 +36,codec block,03bdf605
TO7MAP,/DIS_I00_00.PKB,127799296,1018331,2005-11-11 18:15:28 +36,codec block,03d2890f
TO7MAP,/DIS_I00_01.PKB,128819200,397471,2005-11-11 18:15:36 +36,codec block,03961006
TO7MAP,/DIS_I00_02.PKB,129218560,398999,2005-11-11 18:15:44 +36,codec block,038e1606
TO7MAP,/DIS_I00_03.PKB,129617920,409069,2005-11-11 18:15:50 +36,codec block,03e43d06
TO7MAP,/DIS_I00_04.PKB,130027520,474094,2005-11-11 18:16:00 +36,codec block,03e53b07
TO7MAP,/DIS_I01_00.PKB,130502656,394038,2005-11-11 18:16:07 +36,codec block,032d0306
TO7MAP,/DIS_I01_01.PKB,130897920,494014,2005-11-11 18:16:15 +36,codec block,03b58907
TO7MAP,/DIS_I02_00.PKB,131393536,938436,2005-11-11 18:16:22 +36,codec block,03bb510e
TO7MAP,/DIS_I02_01.PKB,132333568,962780,2005-11-11 18:16:32 +36,codec block,03d3b00e
TO7MAP,/DIS_I03.PKB,133298176,1037185,2005-11-11 18:16:44 +36,codec block,0378d30f
TO7MAP,/DIS_I04_00.PKB,134336512,1099557,2005-11-11 18:16:56 +36,codec block,031cc710
TO7MAP,/DIS_I04_01.PKB,135436288,370632,2005-11-11 18:17:02 +36,codec block,03bfa705
TO7MAP,/DIS_I04_02.PKB,135806976,431070,2005-11-11 18:17:09 +36,codec block,03d59306
TO7MAP,/DIS_I04_03.PKB,136239104,756872,2005-11-11 18:17:16 +36,codec block,037f8c0b
TO7MAP,/DIS_I04_04.PKB,136996864,993320,2005-11-11 18:17:30 +36,codec block,031f280f
TO7MAP,/DIS_I05_00.PKB,137992192,632894,2005-11-11 18:17:37 +36,codec block,0335a809
TO7MAP,/DIS_I05_01.PKB,138627072,583995,2005-11-11 18:17:43 +36,codec block,0332e908
TO7MAP,/DIS_I05_02.PKB,139212800,924469,2005-11-11 18:17:51 +36,codec block,032c1b0e
TO7MAP,/DIS_I06_00.PKB,140138496,1022138,2005-11-11 18:17:59 +36,codec block,03b1980f
TO7MAP,/DIS_I06_01.PKB,141162496,398150,2005-11-11 18:18:05 +36,codec block,033d1306
TO7MAP,/DIS_I06_02.PKB,141561856,421880,2005-11-11 18:18:12 +36,codec block,03ef6f06
TO7MAP,/DIS_I06_03.PKB,141983744,429061,2005-11-11 18:18:19 +36,codec block,03fc8b06
TO7MAP,/DIS_I06_04.PKB,142413824,410309,2005-11-11 18:18:25 +36,codec block,03bc4206
TO7MAP,/DIS_I07_00.PKB,142825472,464500,2005-11-11 18:18:32 +36,codec block,036b1607
TO7MAP,/DIS_I07_01.PKB,143290368,553140,2005-11-11 18:18:39 +36,codec block,03ab7008
TO7MAP,/DIS_I08_00.PKB,143845376,1018136,2005-11-11 18:18:46 +36,codec block,030f890f
TO7MAP,/DIS_I08_01.PKB,144865280,403998,2005-11-11 18:18:52 +36,codec block,03152a06
TO7MAP,/DIS_I08_02.PKB,145270784,402867,2005-11-11 18:18:58 +36,codec block,03aa2506
TO7MAP,/DIS_I08_03.PKB,145674240,415119,2005-11-11 18:19:03 +36,codec block,03865506
TO7MAP,/DIS_I08_04.PKB,146089984,415433,2005-11-11 18:19:10 +36,codec block,03c05606
TO7MAP,/DIS_I09.PKB,146505728,1060524,2005-11-11 18:19:17 +36,codec block,03a32e10
TO7MAP,/DIS_T00E.PKB,147566592,1416227,2005-11-24 10:43:56 +36,codec block,031a9c15
TO7MAP,/DIS_T01.PKB,148983808,1730298,2005-11-11 18:13:59 +36,codec block,03f1661a
TO7MAP,/DIS_T02.PKB,150714368,1679543,2005-11-12 21:33:42 +36,codec block,03aea019
TO7MAP,/DIS_T03E.PKB,152395776,1642676,2005-11-24 17:35:57 +36,codec block,03ab1019
TO7MAP,/DIS_T04.PKB,154040320,972031,2005-11-11 18:14:48 +36,codec block,03f6d40e
TO7MAP,/DIS_T05.PKB,155013120,126784,2005-10-05 12:06:02 +36,FPS2,46505332
TO7MAP,/DIS_T05E.PKB,155140096,1258795,2005-11-11 18:15:02 +36,codec block,03223513
TO7MAP,/DIS_T06.PKB,156399616,1103770,2005-11-11 18:15:11 +36,codec block,0391d710
TO7MAP,/DIS_T07.PKB,157503488,971296,2005-11-11 18:15:19 +36,codec block,0317d20e
TO7MAP,/EVE_T00.PKB,158476288,694528,2005-11-11 18:19:24 +36,codec block,03f7980a
TO7MAP,/EXD_D00.PKB,159172608,433028,2005-11-11 17:59:36 +36,codec block,037b9b06
TO7MAP,/EXD_D01.PKB,159606784,639934,2005-11-11 17:59:47 +36,codec block,03b5c309
TO7MAP,/EXD_D02.PKB,160247808,725920,2005-11-11 18:00:01 +36,codec block,0397130b
TO7MAP,/EXE_D00E.PKB,160974848,964984,2005-11-14 19:24:45 +36,codec block,036fb90e
TO7MAP,/EXE_D01.PKB,161941504,589704,2005-11-11 18:00:38 +36,codec block,037fff08
TO7MAP,/EXE_D02.PKB,162531328,932804,2005-11-24 17:30:21 +36,codec block,03bb3b0e
TO7MAP,/EXE_D03.PKB,163465216,772957,2005-11-17 14:32:34 +36,codec block,0354cb0b
TO7MAP,/EXE_D04.PKB,164239360,1166558,2005-11-11 18:01:20 +36,codec block,03d5cc11
TO7MAP,/FIR_D00E.PKB,165406720,1154641,2005-11-11 18:01:33 +36,codec block,03489e11
TO7MAP,/FIR_D01.PKB,166561792,1254984,2005-11-11 18:01:45 +36,codec block,033f2613
TO7MAP,/FIR_D02.PKB,167817216,1097391,2005-11-11 18:01:57 +36,codec block,03a6be10
TO7MAP,/FIR_D03.PKB,168914944,1311285,2005-11-11 18:02:10 +36,codec block,032c0214
TO7MAP,/FIR_D04.PKB,170227712,464594,2005-11-11 18:02:20 +36,codec block,03c91607
TO7MAP,/FIR_D05.PKB,170692608,708604,2005-11-11 18:02:29 +36,codec block,03f3cf0a
TO7MAP,/FIR_D06.PKB,171401216,1181050,2005-11-11 18:02:47 +36,codec block,03710512
TO7MAP,/FIR_D07.PKB,172582912,830085,2005-11-11 18:03:00 +36,codec block,037caa0c
TO7MAP,/FIR_D08.PKB,173414400,1080507,2005-11-15 23:55:01 +36,codec block,03b27c10
TO7MAP,/FIR_D09.PKB,174495744,1124319,2005-11-11 18:03:31 +36,codec block,03d62711
TO7MAP,/FIR_D10.PKB,175620096,828463,2005-11-11 18:03:48 +36,codec block,0326a40c
TO7MAP,/FLY_T00.PKB,176449536,869121,2005-11-11 18:04:04 +36,codec block,03f8420d
TO7MAP,/FLY_T01.PKB,177319936,1039578,2005-11-14 10:56:19 +36,codec block,03d1dc0f
TO7MAP,/FON_D00E.PKB,178360320,815636,2005-11-11 18:04:55 +36,codec block,030b720c
TO7MAP,/FON_D01.PKB,179177472,689338,2005-11-11 18:05:09 +36,codec block,03b1840a
TO7MAP,/FON_D02.PKB,179867648,904697,2005-11-11 18:05:25 +36,codec block,03f0cd0d
TO7MAP,/FON_D03.PKB,180772864,660940,2005-11-11 18:05:37 +36,codec block,03c3150a
TO7MAP,/FON_D04.PKB,181434368,627061,2005-11-11 18:05:48 +36,codec block,036c9109
TO7MAP,/FON_D05.PKB,182063104,740334,2005-11-11 18:06:01 +36,codec block,03e54b0b
TO7MAP,/FON_D06.PKB,182804480,627368,2005-11-11 18:06:12 +36,codec block,039f9209
TO7MAP,/FON_D07.PKB,183433216,641686,2005-11-11 18:06:23 +36,codec block,038dca09
TO7MAP,/FON_D08.PKB,184076288,552940,2005-11-11 18:06:35 +36,codec block,03e36f08
TO7MAP,/FON_D09.PKB,184629248,510110,2005-11-11 18:06:45 +36,codec block,0395c807
TO7MAP,/FON_D10.PKB,185141248,747956,2005-11-11 18:06:58 +36,codec block,03ab690b
TO7MAP,/FON_D11.PKB,185890816,485915,2005-11-11 18:07:10 +36,codec block,03126a07
TO7MAP,/FON_D12.PKB,186378240,682272,2005-11-11 18:07:20 +36,codec block,0317690a
TO7MAP,/FON_D13.PKB,187062272,484859,2005-11-11 18:07:30 +36,codec block,03f26507
TO7MAP,/FON_D14.PKB,187547648,553083,2005-11-11 18:07:41 +36,codec block,03727008
TO7MAP,/FON_D15.PKB,188102656,673952,2005-11-11 18:07:52 +36,codec block,0397480a
TO7MAP,/FON_D16.PKB,188778496,632398,2005-11-11 18:08:03 +36,codec block,0345a609
TO7MAP,/FON_D17.PKB,189411328,853780,2005-11-11 18:08:18 +36,codec block,030b070d
TO7MAP,/FON_D18.PKB,190265344,603430,2005-11-11 18:08:29 +36,codec block,031d3509
TO7MAP,/FOR_I00.PKB,190869504,1207145,2005-11-11 18:09:17 +36,codec block,03606b12
TO7MAP,/FOR_I00_00.PKB,192077824,34240,2005-10-05 12:06:10 +36,FPS2,46505332
TO7MAP,/FOR_I00_01.PKB,192112640,34240,2005-10-05 12:06:10 +36,FPS2,46505332
TO7MAP,/FOR_I01.PKB,192147456,1274573,2005-11-11 18:09:29 +36,codec block,03c47213
TO7MAP,/FOR_I02.PKB,193423360,1099309,2005-11-11 18:09:41 +36,codec block,0324c610
TO7MAP,/FOR_T00E.PKB,194523136,1133306,2005-11-14 19:21:02 +36,codec block,03f14a11
TO7MAP,/FOR_T01E.PKB,195657728,920906,2005-11-11 18:09:04 +36,codec block,03410d0e
TO7MAP,/FPO_I00.PKB,196579328,1250213,2005-11-11 18:10:07 +36,codec block,039c1313
TO7MAP,/FPO_I01.PKB,197830656,1125024,2005-11-11 18:10:21 +36,codec block,03972a11
TO7MAP,/FPO_T00E.PKB,198957056,980278,2005-11-11 18:09:56 +36,codec block,032df50e
TO7MAP,/GLD_D00.PKB,199938048,771470,2005-11-11 18:10:36 +36,codec block,0385c50b
TO7MAP,/GLD_D01.PKB,200710144,742708,2005-11-11 18:10:47 +36,codec block,032b550b
TO7MAP,/GLD_D02E.PKB,201453568,1086897,2005-11-11 18:11:01 +36,codec block,03a89510
TO7MAP,/GLD_D03.PKB,202541056,902236,2005-11-11 18:11:14 +36,codec block,0353c40d
TO7MAP,/GLD_D04.PKB,203444224,641145,2005-11-11 18:11:27 +36,codec block,0370c809
TO7MAP,/GLD_D05.PKB,204087296,844897,2005-11-11 18:11:40 +36,codec block,0358e40c
TO7MAP,/GLD_D06.PKB,204933120,580653,2005-11-11 18:11:51 +36,codec block,0324dc08
TO7MAP,/GLD_D07.PKB,205514752,580629,2005-11-11 18:12:02 +36,codec block,030cdc08
TO7MAP,/GLD_D08.PKB,206096384,864027,2005-11-11 18:12:15 +36,codec block,03122f0d
TO7MAP,/GLD_D09.PKB,206960640,708302,2005-11-11 18:12:26 +36,codec block,03c5ce0a
TO7MAP,/GLD_D10.PKB,207669248,508866,2005-11-11 18:12:37 +36,codec block,03b9c307
TO7MAP,/GLD_D11.PKB,208179200,856989,2005-11-11 18:12:51 +36,codec block,0394130d
TO7MAP,/GLD_D12.PKB,209037312,721727,2005-11-11 18:13:03 +36,codec block,0336030b
TO7MAP,/GLE_D00.PKB,209760256,927350,2005-11-11 18:13:14 +36,codec block,036d260e
TO7MAP,/GLE_D01E.PKB,210688000,932214,2005-11-11 18:13:28 +36,codec block,036d390e
TO7MAP,/GRA_D00.PKB,211621888,1416256,2005-10-05 12:06:14 +36,FPS2,46505332
TO7MAP,/GRA_D00E.PKB,213039104,651076,2005-11-11 18:13:44 +36,codec block,033bef09
TO7MAP,/GRA_D01.PKB,213690368,680056,2005-11-11 18:13:59 +36,codec block,036f600a
TO7MAP,/GRA_D02.PKB,214372352,1273600,2005-10-05 12:06:15 +36,FPS2,46505332
TO7MAP,/GRA_D02E.PKB,215646208,634513,2005-11-11 18:14:12 +36,codec block,0388ae09
TO7MAP,/GRA_D03.PKB,216281088,1273600,2005-10-05 12:06:15 +36,FPS2,46505332
TO7MAP,/GRA_D03E.PKB,217554944,623622,2005-11-11 18:14:26 +36,codec block,03fd8309
TO7MAP,/GRA_D04.PKB,218179584,1273600,2005-10-05 12:06:16 +36,FPS2,46505332
TO7MAP,/GRA_D04E.PKB,219453440,886408,2005-11-11 18:14:40 +36,codec block,037f860d
TO7MAP,/GRA_D05E.PKB,220340224,635882,2005-11-11 18:14:54 +36,codec block,03e1b309
TO7MAP,/HEV_D00E.PKB,220977152,807351,2005-11-11 18:15:07 +36,codec block,03ae510c
TO7MAP,/HEV_D01.PKB,221786112,748380,2005-11-11 18:15:23 +36,codec block,03536b0b
TO7MAP,/HEV_D02.PKB,222535680,704365,2005-11-11 18:15:34 +36,codec block,0364bf0a
TO7MAP,/HEV_D03.PKB,223240192,635331,2005-11-11 18:15:47 +36,codec block,03bab109
TO7MAP,/HEV_D04.PKB,223877120,679630,2005-11-11 18:15:57 +36,codec block,03c55e0a
TO7MAP,/HEV_D05.PKB,224557056,655012,2005-11-11 18:16:09 +36,codec block,039bfe09
TO7MAP,/HEV_D06.PKB,225212416,873455,2005-11-11 18:16:22 +36,codec block,03e6530d
TO7MAP,/HEV_D07.PKB,226086912,1120551,2005-11-11 18:16:37 +36,codec block,031e1911
TO7MAP,/HEV_D08.PKB,227209216,1015316,2005-11-11 18:16:50 +36,codec block,030b7e0f
TO7MAP,/HEV_D09.PKB,228225024,1148938,2005-11-11 18:17:08 +36,codec block,03018811
TO7MAP,/HOL_D00E.PKB,229376000,379105,2005-11-11 17:56:39 +36,codec block,03d8c805
TO7MAP,/ICE_D00E.PKB,229756928,687813,2005-11-11 17:56:56 +36,codec block,03bc7e0a
TO7MAP,/ICE_D01.PKB,230445056,452537,2005-11-11 17:57:07 +36,codec block,03b0e706
TO7MAP,/ICE_D02E.PKB,230897664,601093,2005-11-11 17:57:18 +36,codec block,03fc2b09
TO7MAP,/ICE_D03.PKB,231499776,514786,2005-11-11 17:57:30 +36,codec block,03d9da07
TO7MAP,/ICE_D04.PKB,232015872,658319,2005-11-11 17:57:47 +36,codec block,03860b0a
TO7MAP,/ICE_D04E.PKB,232675328,4736,2005-10-05 12:06:18 +36,?,1d000000
TO7MAP,/ICE_D05.PKB,232681472,650309,2005-11-11 17:57:58 +36,codec block,033cec09
TO7MAP,/ICE_D06.PKB,233332736,816567,2005-11-11 17:58:15 +36,codec block,03ae750c
TO7MAP,/ICE_D07.PKB,234149888,602603,2005-11-11 17:58:24 +36,codec block,03e23109
TO7MAP,/ICE_D08.PKB,234754048,611369,2005-11-11 17:58:33 +36,codec block,03205409
TO7MAP,/ICE_D09.PKB,235366400,678065,2005-11-11 17:58:44 +36,codec block,03a8580a
TO7MAP,/ICE_D10E.PKB,236046336,705549,2005-11-11 17:58:53 +36,codec block,0304c40a
TO7MAP,/ICE_D11.PKB,236752896,721530,2005-11-11 17:59:05 +36,codec block,0371020b
TO7MAP,/ICE_D12.PKB,237475840,711303,2005-11-11 17:59:17 +36,codec block,037eda0a
TO7MAP,/ICE_D13E.PKB,238188544,697745,2005-11-11 17:59:27 +36,codec block,0388a50a
TO7MAP,/KIN_D00E.PKB,238886912,865109,2005-11-12 20:58:09 +36,codec block,034c330d
TO7MAP,/KIN_D01.PKB,239753216,904464,2005-11-11 17:59:48 +36,codec block,0307cd0d
TO7MAP,/KIN_D02.PKB,240658432,930053,2005-11-11 17:59:59 +36,codec block,03fc300e
TO7MAP,/KIN_D03E.PKB,241590272,1037832,2005-11-11 18:00:10 +36,codec block,03ffd50f
TO7MAP,/KIN_D04.PKB,242628608,344362,2005-11-11 18:00:18 +36,codec block,03214105
TO7MAP,/KIN_D05.PKB,242974720,332310,2005-11-11 18:00:25 +36,codec block,030d1205
TO7MAP,/KIN_D06.PKB,243308544,332562,2005-11-11 18:00:33 +36,codec block,03091305
TO7MAP,/LAS_D00E.PKB,243642368,998366,2005-11-11 18:00:44 +36,codec block,03d53b0f
TO7MAP,/LAS_D01.PKB,244641792,679118,2005-11-11 18:00:56 +36,codec block,03c55c0a
TO7MAP,/LAS_D02.PKB,245321728,691405,2005-11-11 18:01:07 +36,codec block,03c48c0a
TO7MAP,/LAS_D03.PKB,246013952,572724,2005-11-11 18:01:16 +36,codec block,032bbd08
TO7MAP,/LAS_D04.PKB,246587392,1109650,2005-11-11 18:01:29 +36,codec block,0389ee10
TO7MAP,/LAS_D05.PKB,247697408,739564,2005-11-11 18:01:39 +36,codec block,03e3480b
TO7MAP,/LAS_D06.PKB,248438784,498806,2005-11-11 18:01:51 +36,codec block,036d9c07
TO7MAP,/LAS_D07.PKB,248938496,716651,2005-11-11 18:02:01 +36,codec block,0362ef0a
TO7MAP,/LAS_D08.PKB,249655296,806573,2005-11-11 18:02:11 +36,codec block,03a44e0c
TO7MAP,/LAS_D09.PKB,250462208,608275,2005-11-11 18:02:21 +36,codec block,030a4809
TO7MAP,/LAS_D10.PKB,251072512,1311538,2005-11-11 18:02:38 +36,codec block,03290314
TO7MAP,/LAS_D11.PKB,252385280,1133186,2005-11-11 18:02:52 +36,codec block,03794a11
TO7MAP,/LAS_D12.PKB,253519872,592162,2005-11-11 18:03:03 +36,codec block,03190909
TO7MAP,/LAS_D13.PKB,254113792,726558,2005-11-11 18:03:15 +36,codec block,0315160b
TO7MAP,/LAS_D14.PKB,254840832,724740,2005-11-11 18:03:28 +36,codec block,03fb0e0b
TO7MAP,/LAS_D15.PKB,255565824,837342,2005-11-11 18:03:41 +36,codec block,03d5c60c
TO7MAP,/LAS_D16.PKB,256403456,1383699,2005-11-11 18:04:02 +36,codec block,030a1d15
TO7MAP,/LAS_D17.PKB,257787904,1342403,2005-11-11 18:04:20 +36,codec block,03ba7b14
TO7MAP,/LAS_D18.PKB,259131392,1163555,2005-11-11 18:04:33 +36,codec block,031ac111
TO7MAP,/LUK_I00.PKB,260296704,29489,2005-11-11 18:04:40 +36,codec block,03287300
TO7MAP,/MAG_D00E.PKB,260327424,857954,2005-11-11 18:04:53 +36,codec block,0359170d
TO7MAP,/MAP.PKF,261185536,14336,2005-10-05 12:06:22 +36,FPS3,46505333
TO7MAP,/MEI_I00_00.PKB,261199872,702039,2005-11-11 18:06:25 +36,codec block,034eb60a
TO7MAP,/MEI_I00_01.PKB,261902336,687089,2005-11-11 18:06:36 +36,codec block,03e87b0a
TO7MAP,/MEI_I01_00.PKB,262590464,1320777,2005-11-11 18:07:03 +36,codec block,03402714
TO7MAP,/MEI_I01_01.PKB,263911424,589053,2005-11-11 18:07:12 +36,codec block,03f4fc08
TO7MAP,/MEI_I01_02.PKB,264501248,44285,2005-11-11 18:07:18 +36,codec block,03f4ac00
TO7MAP,/MEI_I01_03.PKB,264546304,643596,2005-11-11 18:07:27 +36,codec block,0303d209
TO7MAP,/MEI_I01_04.PKB,265191424,606355,2005-11-11 18:07:38 +36,codec block,038a4009
TO7MAP,/MEI_I01_05.PKB,265799680,44283,2005-11-11 18:07:47 +36,codec block,03f2ac00
TO7MAP,/MEI_I01_06.PKB,265844736,550805,2005-11-11 18:07:54 +36,codec block,038c6708
TO7MAP,/MEI_I02_00.PKB,266395648,1111132,2005-11-11 18:08:06 +36,codec block,0353f410
TO7MAP,/MEI_I02_01.PKB,267507712,708546,2005-11-11 18:08:17 +36,codec block,03b9cf0a
TO7MAP,/MEI_I02_02.PKB,268216320,719583,2005-11-11 18:08:28 +36,codec block,03d6fa0a
TO7MAP,/MEI_I03.PKB,268937216,737306,2005-11-11 18:08:37 +36,codec block,0311400b
TO7MAP,/MEI_I04.PKB,269676544,1048191,2005-11-11 18:08:48 +36,codec block,0376fe0f
TO7MAP,/MEI_I05_00.PKB,270725120,613152,2005-11-11 18:08:56 +36,codec block,03175b09
TO7MAP,/MEI_I05_01.PKB,271339520,583696,2005-11-11 18:09:05 +36,codec block,0307e808
TO7MAP,/MEI_I05_02.PKB,271925248,598344,2005-11-11 18:09:14 +36,codec block,033f2109
TO7MAP,/MEI_I06.PKB,272525312,1190632,2005-11-11 18:09:28 +36,codec block,03df2a12
TO7MAP,/MEI_T00E.PKB,273717248,1697515,2005-11-14 18:35:10 +36,codec block,03e2e619
TO7MAP,/MEI_T01E.PKB,275415040,1041120,2005-11-11 18:05:44 +36,codec block,03d7e20f
TO7MAP,/MEI_T02.PKB,276457472,1100635,2005-11-11 18:06:03 +36,codec block,0352cb10
TO7MAP,/MEI_T03.PKB,277559296,606821,2005-11-11 18:06:14 +36,codec block,035c4209
TO7MAP,/MEP_I00.PKB,278167552,568592,2005-11-11 18:09:51 +36,codec block,0307ad08
TO7MAP,/MEP_I01.PKB,278736896,653510,2005-11-11 18:09:59 +36,codec block,03bdf809
TO7MAP,/MEP_T00E.PKB,279392256,655440,2005-11-11 18:09:41 +36,codec block,0347000a
TO7MAP,/MIN_I00_00.PKB,280049664,398084,2005-11-11 18:10:38 +36,codec block,03fb1206
TO7MAP,/MIN_I00_01.PKB,280449024,317567,2005-11-11 18:10:47 +36,codec block,0376d804
TO7MAP,/MIN_I01.PKB,280768512,452095,2005-11-11 18:10:55 +36,codec block,03f6e506
TO7MAP,/MIN_I02.PKB,281221120,319910,2005-11-11 18:11:03 +36,codec block,039de104
TO7MAP,/MIN_T00E.PKB,281542656,896893,2005-11-12 21:42:47 +36,codec block,0374af0d
TO7MAP,/MIN_T01.PKB,282439680,691202,2005-11-11 18:10:20 +36,codec block,03f98b0a
TO7MAP,/MIN_T02.PKB,283131904,772945,2005-11-11 18:10:30 +36,codec block,0348cb0b
TO7MAP,/MIR_D00E.PKB,283906048,1055472,2005-11-12 21:07:27 +36,codec block,03e71a10
TO7MAP,/MIR_D01.PKB,284962816,1292992,2005-10-05 12:06:25 +36,FPS2,46505332
TO7MAP,/MIR_D01E.PKB,286257152,1090706,2005-11-11 18:11:34 +36,codec block,0389a410
TO7MAP,/MIR_D02.PKB,287348736,877598,2005-11-11 18:11:47 +36,codec block,0315640d
TO7MAP,/MIR_D02E.PKB,288227328,849408,2005-10-05 12:06:25 +36,FPS2,46505332
TO7MAP,/MIR_D03.PKB,289077248,780465,2005-11-11 18:12:02 +36,codec block,03a8e80b
TO7MAP,/MIR_D04.PKB,289859584,363327,2005-11-11 18:12:11 +36,codec block,03368b05
TO7MAP,/MIR_D04E.PKB,290224128,849408,2005-10-05 12:06:26 +36,FPS2,46505332
TO7MAP,/MIR_D05.PKB,291074048,863610,2005-11-11 18:12:22 +36,codec block,03712d0d
TO7MAP,/MIR_D06E.PKB,291938304,1135149,2005-11-14 12:08:06 +36,codec block,03245211
TO7MAP,/MOU_D00E.PKB,293074944,730769,2005-11-11 18:12:48 +36,codec block,0388260b
TO7MAP,/MOU_D01.PKB,293806080,333380,2005-11-11 18:12:57 +36,codec block,033b1605
TO7MAP,/MOU_D02.PKB,294139904,748499,2005-11-11 18:13:06 +36,codec block,03ca6b0b
TO7MAP,/MOU_D03.PKB,294889472,359821,2005-11-11 18:13:15 +36,codec block,03847d05
TO7MAP,/MOU_D04.PKB,295249920,951362,2005-11-11 18:13:28 +36,codec block,0339840e
TO7MAP,/MOU_D05.PKB,296202240,331668,2005-11-11 18:13:37 +36,codec block,038b0f05
TO7MAP,/MOU_D06.PKB,296534016,758468,2005-11-11 18:13:47 +36,codec block,03bb920b
TO7MAP,/MOU_D07.PKB,297293824,310648,2005-11-11 18:13:55 +36,codec block,036fbd04
TO7MAP,/MOU_D08E.PKB,297605120,863365,2005-11-11 18:14:05 +36,codec block,037c2c0d
TO7MAP,/MYU_D00E.PKB,298469376,1117034,2005-11-11 18:14:22 +36,codec block,03610b11
TO7MAP,/MYU_D01.PKB,299587584,434260,2005-11-11 18:14:32 +36,codec block,034ba006
TO7MAP,/MYU_D02.PKB,300023808,806686,2005-11-11 18:14:43 +36,codec block,03154f0c
TO7MAP,/MYU_D03.PKB,300830720,798802,2005-11-11 18:14:57 +36,codec block,0349300c
TO7MAP,/MYU_D04.PKB,301631488,616521,2005-11-11 18:15:09 +36,codec block,03406809
TO7MAP,/MYU_D05.PKB,302249984,1090668,2005-11-17 14:36:36 +36,codec block,0363a410
TO7MAP,/MYU_D06.PKB,303341568,922321,2005-11-11 18:15:38 +36,codec block,03c8120e
TO7MAP,/MYU_D07.PKB,304265216,822784,2005-10-05 12:06:28 +36,FPS2,46505332
TO7MAP,/NAM_I00_00.PKB,305088512,1020296,2005-11-11 17:56:54 +36,codec block,037f910f
TO7MAP,/NAM_I00_01.PKB,306110464,1124744,2005-11-11 17:57:05 +36,codec block,037f2911
TO7MAP,/NAM_I00_02.PKB,307236864,824826,2005-11-11 17:57:16 +36,codec block,03f1950c
TO7MAP,/NAM_I00_03.PKB,308062208,999681,2005-11-11 17:57:26 +36,codec block,03f8400f
TO7MAP,/NAM_I01_00.PKB,309063680,84864,2005-10-05 12:06:28 +36,FPS2,46505332
TO7MAP,/NAM_I01_01.PKB,309149696,84864,2005-10-05 12:06:28 +36,FPS2,46505332
TO7MAP,/NAM_T00E.PKB,309235712,575769,2005-11-11 17:56:30 +36,codec block,0310c908
TO7MAP,/NAM_T01.PKB,309813248,1058238,2005-11-21 01:39:26 +36,codec block,03b52510
TO7MAP,/NAM_T01E.PKB,310872064,87872,2005-10-05 12:06:29 +36,FPS2,46505332
TO7MAP,/NEV_D00E.PKB,310960128,981407,2005-11-11 17:57:39 +36,codec block,0396f90e
TO7MAP,/NOR_D00E.PKB,311943168,864680,2005-11-11 17:57:57 +36,codec block,039f310d
TO7MAP,/NOR_D01.PKB,312809472,714075,2005-11-11 17:58:08 +36,codec block,0352e50a
TO7MAP,/NOR_D02.PKB,313524224,644969,2005-11-11 17:58:24 +36,codec block,0360d709
TO7MAP,/OAS_I00.PKB,314169344,564028,2005-11-11 17:58:52 +36,codec block,03339b08
TO7MAP,/OAS_I01.PKB,314734592,283876,2005-11-11 17:59:03 +36,codec block,03db5404
TO7MAP,/OAS_T00E.PKB,315019264,1558859,2005-11-11 17:58:40 +36,codec block,0342c917
TO7MAP,/ONP_D00.PKB,316579840,1367494,2005-11-15 18:48:45 +36,codec block,03bddd14
TO7MAP,/ORG_I00.PKB,317947904,1219364,2005-11-11 18:00:46 +36,codec block,031b9b12
TO7MAP,/ORG_I01.PKB,319168512,863039,2005-11-11 18:01:06 +36,codec block,03362b0d
TO7MAP,/ORG_I02.PKB,320032768,34240,2005-10-05 12:06:31 +36,FPS2,46505332
TO7MAP,/ORG_I02_00.PKB,320067584,812687,2005-11-11 18:01:24 +36,codec block,0386660c
TO7MAP,/ORG_I02_01.PKB,320880640,970714,2005-11-11 18:01:40 +36,codec block,03d1cf0e
TO7MAP,/ORG_I02_02.PKB,321851392,956691,2005-11-11 18:02:02 +36,codec block,030a990e
TO7MAP,/ORG_I02_03.PKB,322809856,1048544,2005-11-11 18:02:26 +36,codec block,03d7ff0f
TO7MAP,/ORG_I02_04.PKB,323858432,956066,2005-11-11 18:02:39 +36,codec block,0399960e
TO7MAP,/ORG_I02_05.PKB,324814848,646704,2005-11-11 18:02:50 +36,codec block,0327de09
TO7MAP,/ORG_I02_06.PKB,325462016,691991,2005-11-11 18:03:01 +36,codec block,030e8f0a
TO7MAP,/ORG_I02_07.PKB,326154240,982659,2005-11-11 18:03:18 +36,codec block,037afe0e
TO7MAP,/ORG_I02_08.PKB,327137280,987112,2005-11-11 18:03:32 +36,codec block,03df0f0f
TO7MAP,/ORG_I02_09.PKB,328124416,532745,2005-11-11 18:03:49 +36,codec block,03002108
TO7MAP,/ORG_I02_10.PKB,328658944,1229584,2005-11-11 18:04:02 +36,codec block,0307c312
TO7MAP,/ORG_I02_11.PKB,329889792,912165,2005-11-11 18:04:14 +36,codec block,031ceb0d
TO7MAP,/ORG_I02_12.PKB,330803200,938425,2005-11-11 18:04:27 +36,codec block,03b0510e
TO7MAP,/ORG_I03_00.PKB,331743232,34240,2005-10-05 12:06:33 +36,FPS2,46505332
TO7MAP,/ORG_I03_01.PKB,331778048,34240,2005-10-05 12:06:33 +36,FPS2,46505332
TO7MAP,/ORG_I03_02.PKB,331812864,34240,2005-10-05 12:06:33 +36,FPS2,46505332
TO7MAP,/ORG_I03_03.PKB,331847680,34240,2005-10-05 12:06:33 +36,FPS2,46505332
TO7MAP,/ORG_I03_04.PKB,331882496,34240,2005-10-05 12:06:33 +36,FPS2,46505332
TO7MAP,/ORG_I03_05.PKB,331917312,34240,2005-10-05 12:06:33 +36,FPS2,46505332
TO7MAP,/ORG_I03_06.PKB,331952128,34240,2005-10-05 12:06:33 +36,FPS2,46505332
TO7MAP,/ORG_I03_07.PKB,331986944,34240,2005-10-05 12:06:33 +36,FPS2,46505332
TO7MAP,/ORG_T00E.PKB,332021760,1167870,2005-11-11 17:59:55 +36,codec block,03f5d111
TO7MAP,/ORG_T01.PKB,333191168,971842,2005-11-11 18:00:20 +36,codec block,0339d40e
TO7MAP,/ORP_I00.PKB,334163968,1031939,2005-11-11 18:04:52 +36,codec block,03fabe0f
TO7MAP,/ORP_T00E.PKB,335196160,486402,2005-11-11 18:04:41 +36,codec block,03f96b07
TO7MAP,/RIV_D00E.PKB,335683584,674936,2005-11-14 17:37:26 +36,codec block,036f4c0a
TO7MAP,/RIV_D01.PKB,336359424,639405,2005-11-11 18:05:19 +36,codec block,03a4c109
TO7MAP,/RIV_D02E.PKB,337000448,1060445,2005-11-11 18:05:34 +36,codec block,03542e10
TO7MAP,/SAI_I00.PKB,338061312,1250766,2005-11-11 18:06:25 +36,codec block,03c51513
TO7MAP,/SAI_I01_00.PKB,339312640,1150811,2005-11-11 18:06:37 +36,codec block,03528f11
TO7MAP,/SAI_I01_01.PKB,340463616,760561,2005-11-11 18:06:47 +36,codec block,03e89a0b
TO7MAP,/SAI_I01_02.PKB,341225472,786925,2005-11-11 18:06:57 +36,codec block,03e4010c
TO7MAP,/SAI_I01_03.PKB,342013952,1270864,2005-11-11 18:07:15 +36,codec block,03476413
TO7MAP,/SAI_I02.PKB,343285760,809401,2005-11-11 18:07:25 +36,codec block,03b0590c
TO7MAP,/SAI_I03.PKB,344096768,632798,2005-11-11 18:07:35 +36,codec block,03d5a709
TO7MAP,/SAI_T00E.PKB,344729600,1470249,2005-11-11 18:05:55 +36,codec block,03206f16
TO7MAP,/SAI_T01.PKB,346200064,1311629,2005-11-11 18:06:09 +36,codec block,03840314
TO7MAP,/SAN_D00E.PKB,347512832,624591,2005-11-11 18:07:51 +36,codec block,03c68709
TO7MAP,/SAN_D01.PKB,348137472,594830,2005-11-11 18:08:03 +36,codec block,03851309
TO7MAP,/SAN_D02.PKB,348733440,712000,2005-11-11 18:08:16 +36,codec block,0337dd0a
TO7MAP,/SAN_D03.PKB,349446144,1003703,2005-11-11 18:08:30 +36,codec block,03ae500f
TO7MAP,/SAN_D04.PKB,350451712,1318529,2005-11-11 18:08:48 +36,codec block,03781e14
TO7MAP,/SAN_D05.PKB,351770624,637274,2005-11-11 18:09:00 +36,codec block,0351b909
TO7MAP,/SAN_D06.PKB,352409600,591702,2005-11-11 18:09:11 +36,codec block,034d0709
TO7MAP,/SAN_D07.PKB,353001472,713006,2005-11-11 18:09:22 +36,codec block,0325e10a
TO7MAP,/SAN_D08.PKB,353716224,694221,2005-11-11 18:09:35 +36,codec block,03c4970a
TO7MAP,/SCO_I01.PKB,354410496,1174269,2005-11-11 18:10:36 +36,codec block,03f4ea11
TO7MAP,/SCO_T00E.PKB,355586048,1141085,2005-11-11 18:09:47 +36,codec block,03546911
TO7MAP,/SCO_T01.PKB,356728832,973743,2005-11-11 18:10:00 +36,codec block,03a6db0e
TO7MAP,/SCO_T02E.PKB,357703680,1237370,2005-11-11 18:10:21 +36,codec block,0371e112
TO7MAP,/SEA_D00.PKB,358942720,652531,2005-11-11 18:10:52 +36,codec block,03eaf409
TO7MAP,/SEA_D01.PKB,359596032,678759,2005-11-11 18:11:08 +36,codec block,035e5b0a
TO7MAP,/SEA_D02.PKB,360275968,595237,2005-11-11 18:11:19 +36,codec block,031c1509
TO7MAP,/SEA_D03.PKB,360871936,1100050,2005-11-14 19:04:57 +36,codec block,0309c910
TO7MAP,/SEA_D04.PKB,361973760,307546,2005-11-11 18:11:46 +36,codec block,0351b104
TO7MAP,/SEA_D05.PKB,362283008,1237362,2005-11-11 18:12:08 +36,codec block,0369e112
TO7MAP,/SEA_D06.PKB,363522048,1241459,2005-11-11 18:12:45 +36,codec block,036af112
TO7MAP,/SEA_D07.PKB,364765184,1028819,2005-11-11 18:13:11 +36,codec block,03cab20f
TO7MAP,/SEA_D08.PKB,365795328,682543,2005-11-11 18:13:27 +36,codec block,03266a0a
TO7MAP,/SEA_D09.PKB,366479360,587637,2005-11-11 18:13:42 +36,codec block,036cf708
TO7MAP,/SEA_D10.PKB,367067136,540345,2005-11-11 18:13:57 +36,codec block,03b03e08
TO7MAP,/SEA_D11.PKB,367607808,471658,2005-11-11 18:14:08 +36,codec block,03613207
TO7MAP,/SEA_D12.PKB,368080896,456046,2005-11-11 18:14:18 +36,codec block,0365f506
TO7MAP,/SEA_D13.PKB,368537600,453798,2005-11-11 18:14:33 +36,codec block,039dec06
TO7MAP,/SEA_D14.PKB,368992256,503172,2005-11-11 18:14:51 +36,codec block,037bad07
TO7MAP,/SEA_D15E.PKB,369496064,354744,2005-11-11 18:15:04 +36,codec block,03af6905
TO7MAP,/SEA_D16.PKB,369852416,1484511,2005-11-11 18:15:18 +36,codec block,03d6a616
TO7MAP,/SEA_D17.PKB,371337216,1089514,2005-11-11 18:15:31 +36,codec block,03e19f10
TO7MAP,/SEB_D00.PKB,372426752,1244958,2005-11-14 19:16:15 +36,codec block,0315ff12
TO7MAP,/SHI_D00.PKB,373671936,494888,2005-11-11 18:16:04 +36,codec block,031f8d07
TO7MAP,/SHI_D00E.PKB,374167552,1625472,2005-10-05 12:06:40 +36,?,1d000000
TO7MAP,/SHI_D01.PKB,375793664,529966,2005-11-11 18:16:17 +36,codec block,03251608
TO7MAP,/SHI_D02.PKB,376324096,489996,2005-11-11 18:16:27 +36,codec block,03037a07
TO7MAP,/SHI_D03.PKB,376815616,552168,2005-11-11 18:16:42 +36,codec block,03df6c08
TO7MAP,/SHI_D04.PKB,377368576,696759,2005-11-11 18:16:56 +36,codec block,03aea10a
TO7MAP,/SHI_D05.PKB,378066944,985774,2005-11-24 10:17:38 +36,codec block,03a50a0f
TO7MAP,/SHI_D06.PKB,379054080,374841,2005-11-11 18:17:28 +36,codec block,0330b805
TO7MAP,/SNO_I00_00.PKB,379430912,1607783,2005-11-11 17:58:26 +36,codec block,035e8818
TO7MAP,/SNO_I00_01.PKB,381040640,675022,2005-11-11 17:58:33 +36,codec block,03c54c0a
TO7MAP,/SNO_I01.PKB,381716480,730852,2005-11-11 17:58:40 +36,codec block,03db260b
TO7MAP,/SNO_I02.PKB,382447616,636797,2005-11-11 17:58:45 +36,codec block,0374b709
TO7MAP,/SNO_I03_00.PKB,383084544,559285,2005-11-11 17:58:52 +36,codec block,03ac8808
TO7MAP,/SNO_I03_01.PKB,383645696,603564,2005-11-11 17:58:57 +36,codec block,03a33509
TO7MAP,/SNO_I03_02.PKB,384249856,761198,2005-11-11 17:59:04 +36,codec block,03659d0b
TO7MAP,/SNO_I03_03.PKB,385011712,892925,2005-11-11 17:59:13 +36,codec block,03f49f0d
TO7MAP,/SNO_I03_04.PKB,385904640,1127589,2005-11-11 17:59:22 +36,codec block,039c3411
TO7MAP,/SNO_I04.PKB,387033088,803978,2005-11-11 17:59:28 +36,codec block,0381440c
TO7MAP,/SNO_I05_00.PKB,387837952,830902,2005-11-11 17:59:38 +36,codec block,03adad0c
TO7MAP,/SNO_I05_01.PKB,388669440,698869,2005-11-11 17:59:45 +36,codec block,03eca90a
TO7MAP,/SNO_I05_02.PKB,389369856,724287,2005-11-11 17:59:52 +36,codec block,03360d0b
TO7MAP,/SNO_I05_03.PKB,390094848,1035603,2005-11-11 17:59:59 +36,codec block,034acd0f
TO7MAP,/SNO_I05_04.PKB,391131136,891612,2005-11-11 18:00:07 +36,codec block,03d39a0d
TO7MAP,/SNO_I05_05.PKB,392024064,807568,2005-11-11 18:00:13 +36,codec block,0387520c
TO7MAP,/SNO_I05_06.PKB,392833024,822578,2005-11-11 18:00:20 +36,codec block,03298d0c
TO7MAP,/SNO_I05_07.PKB,393656320,786640,2005-11-11 18:00:27 +36,codec block,03c7000c
TO7MAP,/SNO_I05_08.PKB,394444800,1153216,2005-11-11 18:00:36 +36,codec block,03b79811
TO7MAP,/SNO_I05_09.PKB,395599872,674944,2005-11-11 18:00:42 +36,codec block,03774c0a
TO7MAP,/SNO_I05_10.PKB,396275712,675093,2005-11-11 18:00:48 +36,codec block,030c4d0a
TO7MAP,/SNO_I05_11.PKB,396951552,1067761,2005-11-11 18:00:55 +36,codec block,03e84a10
TO7MAP,/SNO_I06.PKB,398020608,308444,2005-11-11 18:01:01 +36,codec block,03d3b404
TO7MAP,/SNO_I07.PKB,398329856,327527,2005-11-11 18:01:07 +36,codec block,035eff04
TO7MAP,/SNO_I08_00.PKB,398657536,959567,2005-11-11 18:01:14 +36,codec block,0346a40e
TO7MAP,/SNO_I08_01.PKB,399618048,1106195,2005-11-11 18:01:24 +36,codec block,030ae110
TO7MAP,/SNO_I09_00.PKB,400726016,1016421,2005-11-11 18:01:31 +36,codec block,035c820f
TO7MAP,/SNO_I09_01.PKB,401743872,920614,2005-11-11 18:01:37 +36,codec block,031d0c0e
TO7MAP,/SNO_I09_02.PKB,402665472,804074,2005-11-11 18:01:44 +36,codec block,03e1440c
TO7MAP,/SNO_T00E.PKB,403470336,1035284,2005-11-11 17:57:08 +36,codec block,030bcc0f
TO7MAP,/SNO_T01.PKB,404506624,837435,2005-11-11 17:57:18 +36,codec block,0332c70c
TO7MAP,/SNO_T02.PKB,405344256,932781,2005-11-11 17:57:31 +36,codec block,03a43b0e
TO7MAP,/SNO_T03E.PKB,406278144,909097,2005-11-11 17:57:46 +36,codec block,0320df0d
TO7MAP,/SNO_T04.PKB,407187456,967008,2005-11-11 17:58:00 +36,codec block,0357c10e
TO7MAP,/SNO_T05E.PKB,408156160,541099,2005-11-11 17:58:11 +36,codec block,03a24108
TO7MAP,/SNP_I00.PKB,408698880,724376,2005-11-11 18:01:58 +36,codec block,038f0d0b
TO7MAP,/SNP_I01.PKB,409423872,794246,2005-11-11 18:02:05 +36,codec block,037d1e0c
TO7MAP,/SNP_T00E.PKB,410218496,707115,2005-11-12 20:37:01 +36,codec block,0322ca0a
TO7MAP,/SOU_D00E.PKB,410927104,423551,2005-11-11 18:02:15 +36,codec block,03767606
TO7MAP,/SOU_D01.PKB,411351040,646514,2005-11-11 18:02:25 +36,codec block,0369dd09
TO7MAP,/SOU_D02.PKB,411998208,417517,2005-11-11 18:02:31 +36,codec block,03e45e06
TO7MAP,/SOU_D03.PKB,412416000,596845,2005-11-11 18:02:39 +36,codec block,03641b09
TO7MAP,/SOU_D04.PKB,413014016,368324,2005-11-11 18:02:46 +36,codec block,03bb9e05
TO7MAP,/SOU_D05.PKB,413382656,365586,2005-11-11 18:02:51 +36,codec block,03099405
TO7MAP,/SOU_D06.PKB,413749248,365956,2005-11-11 18:02:59 +36,codec block,037b9505
TO7MAP,/SOU_D07.PKB,414115840,364963,2005-11-11 18:03:04 +36,codec block,039a9105
TO7MAP,/SOU_D08.PKB,414482432,628102,2005-11-11 18:03:12 +36,codec block,037d9509
TO7MAP,/SOU_D09.PKB,415111168,835185,2005-11-11 18:03:20 +36,codec block,0368be0c
TO7MAP,/SOU_D10.PKB,415946752,425424,2005-11-11 18:03:29 +36,codec block,03c77d06
TO7MAP,/SOU_D11.PKB,416372736,414591,2005-11-11 18:03:34 +36,codec block,03765306
TO7MAP,/SOU_D12.PKB,416788480,415972,2005-11-11 18:03:40 +36,codec block,03db5806
TO7MAP,/SOU_D13.PKB,417206272,419204,2005-11-11 18:03:46 +36,codec block,037b6506
TO7MAP,/SOU_D14.PKB,417626112,787719,2005-11-11 18:03:54 +36,codec block,03fe040c
TO7MAP,/SOU_D15.PKB,418414592,1663936,2005-10-05 12:06:50 +36,FPS2,46505332
TO7MAP,/SOU_D15_00.PKB,420079616,841396,2005-11-11 18:04:03 +36,codec block,03abd60c
TO7MAP,/SOU_D15_01.PKB,420921344,1076262,2005-11-15 18:51:37 +36,codec block,031d6c10
TO7MAP,/SOU_D16.PKB,421998592,809699,2005-11-11 18:04:26 +36,codec block,03da5a0c
TO7MAP,/SOU_D17.PKB,422809600,441928,2005-11-11 18:04:32 +36,codec block,033fbe06
TO7MAP,/SOU_D18.PKB,423251968,432080,2005-11-11 18:04:42 +36,codec block,03c79706
TO7MAP,/SPW_D00E.PKB,423684096,536486,2005-11-11 18:04:50 +36,codec block,039d2f08
TO7MAP,/SPW_D01.PKB,424220672,427505,2005-11-11 18:04:56 +36,codec block,03e88506
TO7MAP,/SPW_D02.PKB,424648704,452313,2005-11-11 18:05:02 +36,codec block,03d0e606
TO7MAP,/SPW_D03.PKB,425101312,527918,2005-11-11 18:05:09 +36,codec block,03250e08
TO7MAP,/TITLE.PKB,425629696,2307888,2005-11-15 20:28:11 +36,codec block,03273723
TO7MAP,/TUN_D00E.PKB,427937792,1039113,2005-11-11 18:05:18 +36,codec block,0300db0f
TO7MAP,/TUN_D01.PKB,428978176,877283,2005-11-11 18:05:25 +36,codec block,03da620d
TO7MAP,/TUN_D01E.PKB,429856768,213568,2005-10-05 12:06:51 +36,FPS2,46505332
TO7MAP,/TUN_D02.PKB,430071808,685414,2005-11-11 21:12:59 +36,codec block,035d750a
TO7MAP,/TUN_D03.PKB,430757888,1005603,2005-11-11 18:05:40 +36,codec block,031a580f
TO7MAP,/TUN_D03E.PKB,431765504,1566336,2005-10-05 12:06:52 +36,FPS2,46505332
TO7MAP,/TUN_D04.PKB,433332224,1283840,2005-10-05 12:06:52 +36,FPS2,46505332
TO7MAP,/TUN_D05.PKB,434616320,1565824,2005-10-05 12:06:52 +36,FPS2,46505332
TO7MAP,/TUN_D06.PKB,436183040,1196096,2005-10-05 12:06:52 +36,FPS2,46505332
TO7MAP,/VSSVER.SCC,437381120,10992,2005-11-24 18:18:00 +36,VSSVER.SCC,34120100
TO7MAP,/WAT_I00_00.PKB,437393408,1161376,2005-11-11 18:06:51 +36,codec block,0397b811
TO7MAP,/WAT_I00_01.PKB,438556672,820263,2005-11-11 18:06:59 +36,codec block,031e840c
TO7MAP,/WAT_I00_02.PKB,439377920,765378,2005-11-11 18:07:06 +36,codec block,03b9ad0b
TO7MAP,/WAT_I00_03.PKB,440143872,735615,2005-11-11 18:07:12 +36,codec block,0376390b
TO7MAP,/WAT_I01_00.PKB,440881152,1036612,2005-11-11 18:07:19 +36,codec block,033bd10f
TO7MAP,/WAT_I01_01.PKB,441919488,1105123,2005-11-11 18:07:27 +36,codec block,03dadc10
TO7MAP,/WAT_I02.PKB,443025408,774139,2005-11-11 18:07:35 +36,codec block,03f2cf0b
TO7MAP,/WAT_I03_00.PKB,443799552,944249,2005-11-11 18:07:41 +36,codec block,0370680e
TO7MAP,/WAT_I03_01.PKB,444745728,1438420,2005-11-11 18:07:50 +36,codec block,03cbf215
TO7MAP,/WAT_I03_02.PKB,446185472,630469,2005-11-11 18:07:56 +36,codec block,03bc9e09
TO7MAP,/WAT_I04_00.PKB,446816256,1250053,2005-11-11 18:08:04 +36,codec block,03fc1213
TO7MAP,/WAT_I04_01.PKB,448067584,1095407,2005-11-11 18:08:12 +36,codec block,03e6b610
TO7MAP,/WAT_I04_02.PKB,449163264,996430,2005-11-11 18:08:20 +36,codec block,0345340f
TO7MAP,/WAT_I04_03.PKB,450160640,1540364,2005-11-11 18:08:38 +36,codec block,03038117
TO7MAP,/WAT_I04_04.PKB,451702784,743325,2005-11-11 18:08:45 +36,codec block,0394570b
TO7MAP,/WAT_I04_05.PKB,452446208,1036066,2005-11-11 18:08:52 +36,codec block,0319cf0f
TO7MAP,/WAT_I04_06.PKB,453482496,737063,2005-11-11 18:08:58 +36,codec block,031e3f0b
TO7MAP,/WAT_I04_07.PKB,454219776,941105,2005-11-11 18:09:06 +36,codec block,03285c0e
TO7MAP,/WAT_I05_00.PKB,455161856,827526,2005-11-11 18:09:14 +36,codec block,037da00c
TO7MAP,/WAT_I05_01.PKB,455991296,791730,2005-11-11 18:09:21 +36,codec block,03a9140c
TO7MAP,/WAT_I05_02.PKB,456783872,827691,2005-11-11 18:09:28 +36,codec block,0322a10c
TO7MAP,/WAT_I05_03.PKB,457613312,556322,2005-11-11 18:09:33 +36,codec block,03197d08
TO7MAP,/WAT_I05_04.PKB,458170368,774150,2005-11-11 18:09:40 +36,codec block,03fdcf0b
TO7MAP,/WAT_I05_05.PKB,458946560,1125826,2005-11-11 18:09:48 +36,codec block,03b92d11
TO7MAP,/WAT_I05_06.PKB,460072960,1107474,2005-11-11 18:10:03 +36,codec block,0309e610
TO7MAP,/WAT_T00E.PKB,461180928,1480116,2005-11-11 18:05:59 +36,codec block,03ab9516
TO7MAP,/WAT_T01.PKB,462661632,1103547,2005-11-11 18:06:12 +36,codec block,03b2d610
TO7MAP,/WAT_T02.PKB,463765504,1149540,2005-11-11 18:06:23 +36,codec block,035b8a11
TO7MAP,/WAT_T03.PKB,464916480,1106280,2005-11-11 18:06:35 +36,codec block,035fe110
TO7MAP,/WAT_T04.PKB,466024448,934764,2005-11-11 18:06:44 +36,codec block,0363430e
TO7MAP,/WET_D00.PKB,466960384,361229,2005-11-11 18:10:09 +36,codec block,03048305
TO7MAP,/WET_D01.PKB,467322880,361228,2005-11-11 18:10:14 +36,codec block,03038305
TO7MAP,/YUR_I00_00.PKB,467685376,972023,2005-11-18 22:47:52 +36,codec block,03eed40e
TO7MAP,/YUR_I00_01.PKB,468658176,652900,2005-11-11 18:11:14 +36,codec block,035bf609
TO7MAP,/YUR_I00_02.PKB,469311488,1286675,2005-11-11 18:11:36 +36,codec block,030aa213
TO7MAP,/YUR_I00_03.PKB,470599680,775137,2005-11-11 18:11:45 +36,codec block,03d8d30b
TO7MAP,/YUR_I01_00.PKB,471375872,696330,2005-11-11 18:11:52 +36,codec block,0301a00a
TO7MAP,/YUR_I01_01.PKB,472074240,823177,2005-11-11 18:12:00 +36,codec block,03808f0c
TO7MAP,/YUR_I01_02.PKB,472897536,864672,2005-11-11 18:12:12 +36,codec block,0397310d
TO7MAP,/YUR_I01_03.PKB,473763840,1715235,2005-11-11 18:12:25 +36,codec block,031a2c1a
TO7MAP,/YUR_T00E.PKB,475480064,657339,2005-11-24 10:31:56 +36,codec block,03b2070a
TO7MAP,/YUR_T01.PKB,476137472,850541,2005-11-11 21:02:04 +36,codec block,0364fa0c
TO7MAP,/YUR_T02E.PKB,476989440,767336,2005-11-11 18:10:48 +36,codec block,035fb50b
TO7MAP,/YUR_T03.PKB,477757440,938875,2005-11-11 18:10:57 +36,codec block,0372530e
TO7MAP,/_CUSTOM.PKB,478697472,661063,2005-11-11 18:13:25 +36,codec block,033e160a
TO7MAP,/_SPECIAL_ENCOUNT.PKB,479358976,47450,2005-11-15 23:10:19 +36,codec block,0351b900
TO7MAP,/_TITLE.PKB,479408128,1777088,2005-10-05 12:05:32 +36,FPS2,46505332
TO7BTL,/BTL.AFS,51200,60997632,2005-10-30 22:56:09 +36,AFS,41465300
TO7BTL,/BTL_ANS00.SLZ,61048832,558720,2005-10-13 10:32:10 +36,codec block,03778608
TO7BTL,/BTL_ANS01.SLZ,61607936,526585,2005-06-30 10:15:19 +36,codec block,03f00808
TO7BTL,/BTL_ANS02.SLZ,62136320,568373,2005-10-13 10:32:11 +36,codec block,032cac08
TO7BTL,/BTL_ANS03.SLZ,62705664,567637,2005-10-13 10:32:11 +36,codec block,014ca908
TO7BTL,/BTL_ANS04.SLZ,63275008,574310,2005-10-13 10:32:11 +36,codec block,015dc308
TO7BTL,/BTL_ANS05.SLZ,63850496,544500,2005-10-13 10:32:11 +36,codec block,03eb4e08
TO7BTL,/BTL_ANS06.SLZ,64395264,558720,2005-10-13 10:32:11 +36,codec block,03778608
TO7BTL,/BTL_ANS07.SLZ,64954368,558720,2005-10-13 10:32:11 +36,codec block,03778608
TO7BTL,/BTL_ANS08.SLZ,65513472,544032,2005-10-13 10:32:11 +36,codec block,03174d08
TO7BTL,/BTL_ASH00.SLZ,66058240,462727,2005-10-13 10:32:12 +36,codec block,037e0f07
TO7BTL,/BTL_ASH01.SLZ,66521088,165139,2005-04-21 10:15:36 +36,codec block,030a8502
TO7BTL,/BTL_BG.BIN,66686976,30627840,2005-10-28 14:39:33 +36,?,031ac504
TO7BTL,/BTL_ENM.BIN,97314816,77283328,2005-11-10 16:38:22 +36,?,03efe402
TO7BTL,/BTL_ENM_MB.BIN,174598144,48523264,2005-10-05 12:03:08 +36,?,4254454d
TO7BTL,/BTL_FACE00.SLZ,223121408,81068,2005-10-05 12:03:08 +36,codec block,03a33c01
TO7BTL,/BTL_FACE01.SLZ,223203328,79512,2005-10-05 12:03:08 +36,codec block,038f3601
TO7BTL,/BTL_FACE02.SLZ,223283200,79407,2005-10-05 12:03:08 +36,codec block,03263601
TO7BTL,/BTL_FIRIA.SLZ,223363072,147390,2005-03-22 12:41:34 +36,codec block,01b53f02
TO7BTL,/BTL_GUY00.SLZ,223510528,438170,2005-10-24 10:45:37 +36,codec block,0391af06
TO7BTL,/BTL_JAD00.SLZ,223948800,289304,2005-10-17 10:47:40 +36,codec block,030f6a04
TO7BTL,/BTL_LUK00.SLZ,224239616,450425,2005-10-13 10:32:22 +36,codec block,0370df06
TO7BTL,/BTL_LUK01.SLZ,224690176,447752,2005-10-13 10:32:22 +36,codec block,03ffd406
TO7BTL,/BTL_LUK02.SLZ,225138688,449512,2005-06-14 10:55:30 +36,codec block,03dfdb06
TO7BTL,/BTL_LUK03.SLZ,225589248,449512,2005-06-27 11:05:49 +36,codec block,03dfdb06
TO7BTL,/BTL_LUK04.SLZ,226039808,449512,2005-06-27 11:05:49 +36,codec block,03dfdb06
TO7BTL,/BTL_LUK05.SLZ,226490368,449512,2005-06-27 11:05:49 +36,codec block,03dfdb06
TO7BTL,/BTL_M01.ABN,226940928,311312,2005-10-05 12:03:08 +36,?,41424e46
TO7BTL,/BTL_MGC.BIN,227254272,36960256,2005-11-24 18:09:22 +36,?,42544d47
TO7BTL,/BTL_NANARI.SLZ,264214528,150762,2005-02-03 10:02:04 +36,codec block,03e14c02
TO7BTL,/BTL_NAT00.SLZ,264366080,249592,2005-10-17 10:47:44 +36,codec block,03efce03
TO7BTL,/BTL_NAT01.SLZ,264615936,245480,2005-06-29 11:33:49 +36,codec block,03dfbe03
TO7BTL,/BTL_RID.SLZ,264861696,259117,2005-03-10 16:46:14 +36,codec block,0124f403
TO7BTL,/BTL_TEA00.SLZ,265121792,257927,2005-10-17 10:47:44 +36,codec block,037eef03
TO7BTL,/BTL_TEA01.SLZ,265379840,203509,2005-06-27 11:05:50 +36,codec block,03ec1a03
TO7BTL,/BTL_USU.BIN,265584640,1018208,2005-11-24 18:09:22 +36,?,16000000
TO7BTL,/BTL_WEP.BIN,266604544,2172928,2005-11-02 21:23:39 +36,?,03c02100
TO7BTL,/BTL_WIN.BIN,268777472,1622016,2005-10-25 14:37:09 +36,?,04000000
TO7BTL,/EP039_BTL00A.BIN,270399488,99744,2005-11-06 23:15:11 +36,?,12000000
TO7BTL,/EP039_BTL00B.BIN,270499840,51392,2005-10-25 14:37:09 +36,?,0e000000
TO7BTL,/EP039_BTL00C.BIN,270553088,99872,2005-11-06 23:15:11 +36,?,12000000
TO7BTL,/EP039_BTL00D.BIN,270653440,73216,2005-11-06 23:15:11 +36,?,0e000000
TO7BTL,/EP039_BTL00E.BIN,270727168,56256,2005-10-25 14:37:09 +36,?,0d000000
TO7BTL,/EP039_BTL00F.BIN,270784512,55488,2005-11-04 14:30:57 +36,?,0d000000
TO7BTL,/EP039_BTL00G.BIN,270841856,56320,2005-11-09 22:28:42 +36,?,0d000000
TO7BTL,/EP039_BTL01A.BIN,270899200,135936,2005-10-28 14:39:49 +36,?,1b000000
TO7BTL,/EP039_BTL01B.BIN,271036416,92896,2005-11-06 23:15:11 +36,?,15000000
TO7BTL,/EP039_BTL01C.BIN,271130624,102944,2005-11-06 23:15:11 +36,?,16000000
TO7BTL,/EP039_BTL01D.BIN,271235072,53184,2005-11-06 23:15:11 +36,?,0f000000
TO7BTL,/EP039_BTL01E.BIN,271288320,53632,2005-11-06 23:15:11 +36,?,0f000000
TO7BTL,/EP039_BTL01F.BIN,271343616,53888,2005-11-06 23:15:11 +36,?,0f000000
TO7BTL,/EP039_BTL01G.BIN,271398912,52544,2005-11-06 23:15:11 +36,?,0f000000
TO7BTL,/EP039_BTL02A.BIN,271452160,122976,2005-11-04 14:36:12 +36,?,07000000
TO7BTL,/EP039_BTL02B.BIN,271577088,122976,2005-11-04 14:36:12 +36,?,07000000
TO7BTL,/EP039_BTL02C.BIN,271702016,122976,2005-11-04 14:36:12 +36,?,07000000
TO7BTL,/VSSVER.SCC,271826944,736,2005-11-24 18:09:22 +36,VSSVER.SCC,34120100
TO7NPC,/AMP000.NPC,98304,98348,2005-10-12 20:43:31 +36,FPS3,46505333
TO7NPC,/AMP001.NPC,198656,103516,2005-10-12 20:43:31 +36,FPS3,46505333
TO7NPC,/AMP002.NPC,303104,106220,2005-10-12 20:43:32 +36,FPS3,46505333
TO7NPC,/AMP003.NPC,409600,110668,2005-10-12 20:43:32 +36,FPS3,46505333
TO7NPC,/AMP010.NPC,522240,65716,2005-10-12 20:43:32 +36,FPS3,46505333
TO7NPC,/AMP011.NPC,589824,65716,2005-10-12 20:43:32 +36,FPS3,46505333
TO7NPC,/AMP012.NPC,657408,65364,2005-10-12 20:43:32 +36,FPS3,46505333
TO7NPC,/AMP013.NPC,722944,65364,2005-10-12 20:43:32 +36,FPS3,46505333
TO7NPC,/AMP014.NPC,788480,67716,2005-10-12 20:43:33 +36,FPS3,46505333
TO7NPC,/AMP015.NPC,858112,67716,2005-10-12 20:43:33 +36,FPS3,46505333
TO7NPC,/AMP016.NPC,927744,67716,2005-10-12 20:43:33 +36,FPS3,46505333
TO7NPC,/AMP017.NPC,997376,67716,2005-10-12 20:43:33 +36,FPS3,46505333
TO7NPC,/AMP020.NPC,1067008,206852,2005-10-12 20:43:33 +36,FPS3,46505333
TO7NPC,/AMP021.NPC,1275904,208716,2005-10-12 20:43:34 +36,FPS3,46505333
TO7NPC,/AMP022.NPC,1484800,219180,2005-10-12 20:43:34 +36,FPS3,46505333
TO7NPC,/AMP023.NPC,1705984,209688,2005-10-12 20:43:34 +36,FPS3,46505333
TO7NPC,/AMP024.NPC,1916928,199164,2005-09-26 17:52:19 +36,FPS3,46505333
TO7NPC,/AMP030.NPC,2117632,94288,2005-10-12 20:43:34 +36,FPS3,46505333
TO7NPC,/AMP031.NPC,2213888,92100,2005-10-12 20:43:34 +36,FPS3,46505333
TO7NPC,/AMP032.NPC,2306048,96060,2005-10-12 20:43:35 +36,FPS3,46505333
TO7NPC,/AMP033.NPC,2402304,94496,2005-10-12 20:43:35 +36,FPS3,46505333
TO7NPC,/ANB00.NPC,2498560,134332,2005-10-12 20:32:02 +36,FPS3,46505333
TO7NPC,/ANI00.NPC,2633728,118744,2005-10-12 20:30:57 +36,FPS3,46505333
TO7NPC,/ANI00B.NPC,2752512,116820,2005-10-05 12:07:32 +36,FPS3,46505333
TO7NPC,/ANI10.NPC,2871296,121736,2005-10-12 20:30:57 +36,FPS3,46505333
TO7NPC,/ANI11.NPC,2994176,113440,2005-09-14 20:41:59 +36,FPS3,46505333
TO7NPC,/ANI20.NPC,3108864,118740,2005-10-12 20:30:57 +36,FPS3,46505333
TO7NPC,/ANI20_WEA00_R.KKD,3227648,5284,2005-10-05 12:07:32 +36,FPS3,46505333
TO7NPC,/ANI20_WEA00_R.NPC,3233792,5632,2005-10-05 12:07:32 +36,FPS2,46505332
TO7NPC,/ANI21.NPC,3239936,120692,2005-10-12 20:30:57 +36,FPS3,46505333
TO7NPC,/ANI30.NPC,3360768,119504,2005-10-12 20:30:58 +36,FPS3,46505333
TO7NPC,/ANI31.NPC,3481600,123988,2005-10-12 20:30:58 +36,FPS3,46505333
TO7NPC,/ANI32.NPC,3606528,118208,2005-09-03 18:36:14 +36,FPS3,46505333
TO7NPC,/ANI33.NPC,3725312,115864,2005-09-03 18:36:34 +36,FPS3,46505333
TO7NPC,/ANI34.NPC,3842048,119744,2005-09-03 18:36:57 +36,FPS3,46505333
TO7NPC,/ANI40.NPC,3962880,125780,2005-10-12 20:30:58 +36,FPS3,46505333
TO7NPC,/ANI40_WEA00_R.KKD,4089856,4388,2005-10-05 12:07:33 +36,FPS3,46505333
TO7NPC,/ANI40_WEA00_R.NPC,4096000,4736,2005-10-05 12:07:33 +36,FPS2,46505332
TO7NPC,/ANI41.NPC,4102144,125320,2005-10-12 20:30:58 +36,FPS3,46505333
TO7NPC,/ANI42.NPC,4229120,135592,2005-10-12 20:30:59 +36,FPS3,46505333
TO7NPC,/ANI43.NPC,4366336,123848,2005-09-14 20:40:04 +36,FPS3,46505333
TO7NPC,/ANI44.NPC,4491264,129888,2005-09-14 20:40:28 +36,FPS3,46505333
TO7NPC,/ANI45.NPC,4622336,129684,2005-09-14 20:41:01 +36,FPS3,46505333
TO7NPC,/ANI46.NPC,4753408,126676,2005-09-14 20:41:22 +36,FPS3,46505333
TO7NPC,/ANI50.NPC,4880384,124396,2005-10-12 20:30:59 +36,FPS3,46505333
TO7NPC,/ANI51.NPC,5005312,116256,2005-10-12 20:30:59 +36,FPS3,46505333
TO7NPC,/ANI60.NPC,5122048,117684,2005-10-12 20:30:59 +36,FPS3,46505333
TO7NPC,/ANI70.NPC,5240832,113860,2005-10-12 20:31:00 +36,FPS3,46505333
TO7NPC,/ANS00.NPC,5355520,235960,2005-10-12 20:30:28 +36,FPS3,46505333
TO7NPC,/ANS00_D.NPC,5593088,300780,2005-10-12 20:30:28 +36,FPS3,46505333
TO7NPC,/ANS00_H.NPC,5894144,285072,2005-10-12 20:30:28 +36,FPS3,46505333
TO7NPC,/ANS00_WEA00_R.NPC,6180864,48248,2005-10-05 12:07:33 +36,FPS3,46505333
TO7NPC,/ANS01.NPC,6230016,236636,2005-10-05 12:07:34 +36,FPS3,46505333
TO7NPC,/ANS01_D.NPC,6467584,300468,2005-10-05 12:07:34 +36,FPS3,46505333
TO7NPC,/ANS01_H.NPC,6768640,291224,2005-10-05 12:07:34 +36,FPS3,46505333
TO7NPC,/ANS02.NPC,7061504,238492,2005-10-12 20:30:29 +36,FPS3,46505333
TO7NPC,/ANS02_D.NPC,7301120,324724,2005-10-12 20:30:29 +36,FPS3,46505333
TO7NPC,/ANS02_H.NPC,7626752,287900,2005-10-12 20:30:29 +36,FPS3,46505333
TO7NPC,/ANS03.NPC,7915520,233444,2005-10-12 20:30:29 +36,FPS3,46505333
TO7NPC,/ANS03_D.NPC,8148992,328604,2005-10-12 20:30:30 +36,FPS3,46505333
TO7NPC,/ANS03_H.NPC,8478720,282492,2005-10-12 20:30:29 +36,FPS3,46505333
TO7NPC,/ANS04.NPC,8761344,241100,2005-10-12 20:30:30 +36,FPS3,46505333
TO7NPC,/ANS04_D.NPC,9003008,335028,2005-10-12 20:30:30 +36,FPS3,46505333
TO7NPC,/ANS04_H.NPC,9338880,275560,2005-10-12 20:30:30 +36,FPS3,46505333
TO7NPC,/ANS05.NPC,9615360,189196,2005-10-12 20:30:30 +36,FPS3,46505333
TO7NPC,/ANS05_D.NPC,9805824,256436,2005-10-12 20:30:31 +36,FPS3,46505333
TO7NPC,/ANS05_H.NPC,10063872,228780,2005-10-12 20:30:30 +36,FPS3,46505333
TO7NPC,/ANS08.NPC,10293248,183580,2005-10-12 20:30:31 +36,FPS3,46505333
TO7NPC,/ANS08_D.NPC,10477568,268696,2005-10-12 20:30:31 +36,FPS3,46505333
TO7NPC,/ANS08_H.NPC,10747904,229952,2005-10-12 20:30:31 +36,FPS3,46505333
TO7NPC,/ANS_EX.PKD,10979328,85876,2005-10-12 20:30:32 +36,FPS3,46505333
TO7NPC,/ASH00.NPC,11065344,218984,2005-10-13 04:47:10 +36,FPS3,46505333
TO7NPC,/ASH00_H.NPC,11284480,305756,2005-10-13 04:47:10 +36,FPS3,46505333
TO7NPC,/ASH00_WEA00_R.KKD,11591680,16644,2005-10-05 12:07:35 +36,FPS3,46505333
TO7NPC,/ASH01.NPC,11610112,220636,2005-10-13 04:47:10 +36,FPS3,46505333
TO7NPC,/ASH01_H.NPC,11831296,307580,2005-10-13 04:47:10 +36,FPS3,46505333
TO7NPC,/ASH02.NPC,12140544,218984,2005-10-05 12:07:35 +36,FPS3,46505333
TO7NPC,/ASH02_H.NPC,12359680,305756,2005-10-05 12:07:35 +36,FPS3,46505333
TO7NPC,/ASH03.NPC,12666880,176948,2005-10-13 04:47:10 +36,FPS3,46505333
TO7NPC,/ASH03_H.NPC,12845056,226388,2005-10-13 04:47:10 +36,FPS3,46505333
TO7NPC,/ASH_EX.PKD,13072384,86704,2005-11-18 14:32:30 +36,FPS3,46505333
TO7NPC,/BOC010.NPC,13160448,230952,2005-10-13 12:11:31 +36,FPS3,46505333
TO7NPC,/BOC010_4149.KKD,13391872,5624,2005-10-05 12:07:35 +36,FPS3,46505333
TO7NPC,/BOC010_4149.NPC,13398016,5888,2005-10-05 12:07:35 +36,FPS2,46505332
TO7NPC,/BOC011.NPC,13404160,218728,2005-10-13 12:11:31 +36,FPS3,46505333
TO7NPC,/BOC012.NPC,13623296,264412,2005-10-13 12:11:31 +36,FPS3,46505333
TO7NPC,/BOC020.NPC,13889536,244780,2005-10-12 20:43:07 +36,FPS3,46505333
TO7NPC,/BOC020_4150.KKD,14135296,11892,2005-10-05 12:07:35 +36,FPS3,46505333
TO7NPC,/BOC020_4150.NPC,14147584,12192,2005-10-05 12:07:35 +36,FPS3,46505333
TO7NPC,/BOC020_4173.KKD,14159872,14484,2005-10-05 12:07:35 +36,FPS3,46505333
TO7NPC,/BOC020_4173.NPC,14176256,14784,2005-10-05 12:07:35 +36,FPS3,46505333
TO7NPC,/BOC021.NPC,14192640,229484,2005-10-13 12:11:31 +36,FPS3,46505333
TO7NPC,/BOC030.NPC,14424064,228004,2005-10-12 20:43:07 +36,FPS3,46505333
TO7NPC,/BOC030_4150.KKD,14653440,18404,2005-10-05 12:07:36 +36,FPS3,46505333
TO7NPC,/BOC030_4150.NPC,14671872,2112,2005-10-05 12:07:36 +36,FPS2,46505332
TO7NPC,/BOC030_4253.KKD,14675968,19472,2005-10-05 12:07:36 +36,FPS3,46505333
TO7NPC,/BOC030_4253.NPC,14696448,19776,2005-10-05 12:07:36 +36,FPS2,46505332
TO7NPC,/BOC031.NPC,14716928,327024,2005-10-13 12:11:31 +36,FPS3,46505333
TO7NPC,/BOC032.NPC,15044608,319456,2005-10-05 12:07:36 +36,FPS3,46505333
TO7NPC,/BOC032_OBJ.NPC,15364096,24360,2005-10-05 12:07:36 +36,FPS3,46505333
TO7NPC,/BOC040.NPC,15388672,210412,2005-10-12 20:43:08 +36,FPS3,46505333
TO7NPC,/BOC041.NPC,15599616,223164,2005-10-12 20:43:08 +36,FPS3,46505333
TO7NPC,/BOC050.NPC,15822848,305304,2005-10-13 12:11:31 +36,FPS3,46505333
TO7NPC,/BOC050_OBJ.NPC,16130048,77936,2005-10-05 12:07:36 +36,FPS3,46505333
TO7NPC,/BOC051.NPC,16209920,303976,2005-10-13 12:11:31 +36,FPS3,46505333
TO7NPC,/BOC052.NPC,16515072,234920,2005-10-12 20:43:09 +36,FPS3,46505333
TO7NPC,/BOC053.NPC,16750592,233608,2005-10-12 20:43:09 +36,FPS3,46505333
TO7NPC,/BOM000.NPC,16986112,266088,2005-10-12 20:44:11 +36,FPS3,46505333
TO7NPC,/BOM010.NPC,17252352,466972,2005-10-12 20:44:12 +36,FPS3,46505333
TO7NPC,/BOM010EVE.NPC,17721344,248440,2005-09-13 10:51:06 +36,FPS3,46505333
TO7NPC,/BOM011.NPC,17971200,248440,2005-10-06 21:10:14 +36,FPS3,46505333
TO7NPC,/BOM020.NPC,18221056,286744,2005-10-12 20:44:12 +36,FPS3,46505333
TO7NPC,/BOM021.NPC,18509824,18724,2005-09-03 19:18:00 +36,FPS3,46505333
TO7NPC,/BOM030.NPC,18530304,272496,2005-10-12 20:44:12 +36,FPS3,46505333
TO7NPC,/BOM040.NPC,18804736,359996,2005-10-12 20:44:13 +36,FPS3,46505333
TO7NPC,/BOM041.NPC,19165184,312844,2005-10-05 18:29:22 +36,FPS3,46505333
TO7NPC,/BOM050.NPC,19478528,285856,2005-10-13 12:11:31 +36,FPS3,46505333
TO7NPC,/BOM060.NPC,19765248,346292,2005-09-20 12:43:43 +36,FPS3,46505333
TO7NPC,/BOM070.NPC,20113408,422232,2005-10-12 20:44:13 +36,FPS3,46505333
TO7NPC,/BOM090.NPC,20537344,213984,2005-10-12 20:44:14 +36,FPS3,46505333
TO7NPC,/BOM100.NPC,20752384,255512,2005-10-12 20:44:15 +36,FPS3,46505333
TO7NPC,/BOM120.NPC,21008384,445944,2005-10-12 20:44:15 +36,FPS3,46505333
TO7NPC,/BOM121.NPC,21454848,504668,2005-10-12 20:44:15 +36,FPS3,46505333
TO7NPC,/BOM122.NPC,21960704,447196,2005-09-20 12:43:50 +36,FPS3,46505333
TO7NPC,/BOM130.NPC,22409216,289692,2005-10-11 15:53:34 +36,FPS3,46505333
TO7NPC,/BOM140.NPC,22700032,375300,2005-09-20 12:45:02 +36,FPS3,46505333
TO7NPC,/BST000.NPC,23076864,172172,2005-10-12 20:43:35 +36,FPS3,46505333
TO7NPC,/BST001.NPC,23250944,181952,2005-10-12 20:43:35 +36,FPS3,46505333
TO7NPC,/BST002.NPC,23433216,168308,2005-10-12 20:43:36 +36,FPS3,46505333
TO7NPC,/BST003.NPC,23603200,202236,2005-10-12 20:43:36 +36,FPS3,46505333
TO7NPC,/BST010.NPC,23805952,87628,2005-10-12 20:43:36 +36,FPS3,46505333
TO7NPC,/BST011.NPC,23894016,106636,2005-10-12 20:43:36 +36,FPS3,46505333
TO7NPC,/BST012.NPC,24002560,106636,2005-10-12 20:43:37 +36,FPS3,46505333
TO7NPC,/BST013.NPC,24111104,97116,2005-10-12 20:43:37 +36,FPS3,46505333
TO7NPC,/BST014.NPC,24209408,97804,2005-10-12 20:43:38 +36,FPS3,46505333
TO7NPC,/BST020.NPC,24307712,136752,2005-10-12 20:43:39 +36,FPS3,46505333
TO7NPC,/BST021.NPC,24444928,177520,2005-10-12 20:43:39 +36,FPS3,46505333
TO7NPC,/BST022.NPC,24623104,178080,2005-09-09 21:25:07 +36,FPS3,46505333
TO7NPC,/BST023.NPC,24801280,180272,2005-09-09 21:21:26 +36,FPS3,46505333
TO7NPC,/BST024.NPC,24983552,190084,2005-10-12 20:43:39 +36,FPS3,46505333
TO7NPC,/BST025.NPC,25174016,177296,2005-09-09 21:34:23 +36,FPS3,46505333
TO7NPC,/BST026.NPC,25352192,177296,2005-09-09 21:26:41 +36,FPS3,46505333
TO7NPC,/BST027.NPC,25530368,187684,2005-09-09 21:26:57 +36,FPS3,46505333
TO7NPC,/BST028.NPC,25718784,188804,2005-10-12 20:43:39 +36,FPS3,46505333
TO7NPC,/BST030.NPC,25909248,131464,2005-10-12 20:43:40 +36,FPS3,46505333
TO7NPC,/BST031.NPC,26042368,131816,2005-10-12 20:43:40 +36,FPS3,46505333
TO7NPC,/BST032.NPC,26175488,127336,2005-10-12 20:43:40 +36,FPS3,46505333
TO7NPC,/BST033.NPC,26304512,141240,2005-10-12 20:43:40 +36,FPS3,46505333
TO7NPC,/BST050.NPC,26445824,186280,2005-10-12 20:43:40 +36,FPS3,46505333
TO7NPC,/BST051.NPC,26632192,157444,2005-10-12 20:43:41 +36,FPS3,46505333
TO7NPC,/BST052.NPC,26789888,169008,2005-10-12 20:43:41 +36,FPS3,46505333
TO7NPC,/BST053.NPC,26959872,162036,2005-10-12 20:43:41 +36,FPS3,46505333
TO7NPC,/BST060.NPC,27123712,171844,2005-10-12 20:43:41 +36,FPS3,46505333
TO7NPC,/BST061.NPC,27295744,180872,2005-10-12 20:43:42 +36,FPS3,46505333
TO7NPC,/BST062.NPC,27478016,187708,2005-09-01 18:37:19 +36,FPS3,46505333
TO7NPC,/BST063.NPC,27666432,191432,2005-09-01 18:38:12 +36,FPS3,46505333
TO7NPC,/BWA00.NPC,27858944,174888,2005-10-12 20:43:09 +36,FPS3,46505333
TO7NPC,/BWB00.NPC,28035072,174048,2005-10-19 12:15:08 +36,FPS3,46505333
TO7NPC,/BWC00.NPC,28209152,159892,2005-10-14 11:48:29 +36,FPS3,46505333
TO7NPC,/BWC00_WEA00_H.KKD,28370944,11972,2005-10-05 12:07:38 +36,FPS3,46505333
TO7NPC,/BWC00_WEA00_H.NPC,28383232,12288,2005-10-05 12:07:39 +36,FPS2,46505332
TO7NPC,/BWC00_WEA00_R.KKD,28395520,4788,2005-10-05 12:07:39 +36,FPS3,46505333
TO7NPC,/BWC00_WEA00_R.NPC,28401664,1088,2005-10-05 12:07:39 +36,FPS2,46505332
TO7NPC,/CAP00.NPC,28403712,123736,2005-10-12 20:31:00 +36,FPS3,46505333
TO7NPC,/CAP02.NPC,28528640,124688,2005-10-12 20:31:00 +36,FPS3,46505333
TO7NPC,/CAP03.NPC,28653568,124272,2005-10-12 20:31:00 +36,FPS3,46505333
TO7NPC,/CAP05.NPC,28778496,128088,2005-10-12 20:31:00 +36,FPS3,46505333
TO7NPC,/CAP06.NPC,28907520,122956,2005-10-12 20:31:01 +36,FPS3,46505333
TO7NPC,/CAP07.NPC,29032448,127800,2005-10-12 20:31:01 +36,FPS3,46505333
TO7NPC,/CAP08.NPC,29161472,123532,2005-10-12 20:31:01 +36,FPS3,46505333
TO7NPC,/CAP10.NPC,29286400,125256,2005-10-12 20:31:01 +36,FPS3,46505333
TO7NPC,/CAP11.NPC,29413376,127712,2005-10-12 20:31:02 +36,FPS3,46505333
TO7NPC,/CAP12.NPC,29542400,126440,2005-10-12 20:31:02 +36,FPS3,46505333
TO7NPC,/CAP13.NPC,29669376,125768,2005-10-12 20:31:02 +36,FPS3,46505333
TO7NPC,/CAP15.NPC,29796352,116924,2005-10-12 20:31:02 +36,FPS3,46505333
TO7NPC,/CAP21.NPC,29915136,115784,2005-10-12 20:31:02 +36,FPS3,46505333
TO7NPC,/CAP23.NPC,30031872,123144,2005-10-12 20:31:03 +36,FPS3,46505333
TO7NPC,/CAP24.NPC,30156800,125400,2005-10-12 20:31:03 +36,FPS3,46505333
TO7NPC,/CAP25.NPC,30283776,125080,2005-10-12 20:31:03 +36,FPS3,46505333
TO7NPC,/CAP27.NPC,30410752,121796,2005-10-12 20:31:03 +36,FPS3,46505333
TO7NPC,/CAP28.NPC,30533632,122292,2005-10-12 20:31:04 +36,FPS3,46505333
TO7NPC,/CAP29.NPC,30656512,124552,2005-10-12 20:31:04 +36,FPS3,46505333
TO7NPC,/CAP30.NPC,30781440,121956,2005-10-12 20:31:04 +36,FPS3,46505333
TO7NPC,/CAP32.NPC,30904320,121340,2005-10-12 20:31:04 +36,FPS3,46505333
TO7NPC,/CAP33.NPC,31027200,120744,2005-10-12 20:31:04 +36,FPS3,46505333
TO7NPC,/CAP34.NPC,31148032,122988,2005-10-12 20:31:05 +36,FPS3,46505333
TO7NPC,/CAP35.NPC,31272960,118696,2005-10-12 20:31:05 +36,FPS3,46505333
TO7NPC,/CAP37.NPC,31391744,119772,2005-10-12 20:31:05 +36,FPS3,46505333
TO7NPC,/CAP38.NPC,31512576,120396,2005-10-12 20:31:05 +36,FPS3,46505333
TO7NPC,/CAP39.NPC,31633408,121340,2005-10-12 20:31:05 +36,FPS3,46505333
TO7NPC,/CAP40.NPC,31756288,123148,2005-10-12 20:31:06 +36,FPS3,46505333
TO7NPC,/CAP41.NPC,31881216,121084,2005-10-12 20:31:06 +36,FPS3,46505333
TO7NPC,/CAP42.NPC,32004096,117948,2005-10-12 20:31:06 +36,FPS3,46505333
TO7NPC,/CAP43.NPC,32122880,119900,2005-10-12 20:31:06 +36,FPS3,46505333
TO7NPC,/CAP44.NPC,32243712,121276,2005-10-12 20:31:07 +36,FPS3,46505333
TO7NPC,/CAP47.NPC,32366592,122508,2005-10-12 20:31:07 +36,FPS3,46505333
TO7NPC,/CAP47_WEA00_R.KKD,32489472,4792,2005-10-05 12:07:40 +36,FPS3,46505333
TO7NPC,/CAP49.NPC,32495616,121504,2005-10-12 20:31:07 +36,FPS3,46505333
TO7NPC,/CAP55.NPC,32618496,113172,2005-10-05 12:07:40 +36,FPS3,46505333
TO7NPC,/CAP65.NPC,32733184,108740,2005-10-05 12:07:40 +36,FPS3,46505333
TO7NPC,/CAP81.NPC,32843776,160908,2005-10-13 12:11:32 +36,FPS3,46505333
TO7NPC,/CAP82.NPC,33005568,145092,2005-10-13 12:11:32 +36,FPS3,46505333
TO7NPC,/CAP83.NPC,33150976,148520,2005-10-12 20:43:11 +36,FPS3,46505333
TO7NPC,/CAP83_WEA00_B.KKD,33300480,4500,2005-10-05 12:07:40 +36,FPS3,46505333
TO7NPC,/CAP84.NPC,33306624,136708,2005-10-12 20:43:11 +36,FPS3,46505333
TO7NPC,/CAP84_WEA00_L.KKD,33443840,8772,2005-10-05 12:07:40 +36,FPS3,46505333
TO7NPC,/CAP84_WEA00_L.NPC,33454080,9152,2005-10-05 12:07:40 +36,FPS2,46505332
TO7NPC,/CAP85.NPC,33464320,137212,2005-10-13 12:11:32 +36,FPS3,46505333
TO7NPC,/CAP86.NPC,33601536,133272,2005-10-13 12:11:32 +36,FPS3,46505333
TO7NPC,/CAP87.NPC,33736704,135084,2005-10-13 12:11:32 +36,FPS3,46505333
TO7NPC,/CAP87B.NPC,33871872,121212,2005-10-05 12:07:41 +36,FPS3,46505333
TO7NPC,/CAP88.NPC,33994752,130964,2005-10-13 12:11:32 +36,FPS3,46505333
TO7NPC,/CAP89.NPC,34125824,117052,2005-10-12 20:43:13 +36,FPS3,46505333
TO7NPC,/CAT00.NPC,34244608,81300,2005-10-05 10:47:23 +36,FPS3,46505333
TO7NPC,/CAT01.NPC,34326528,81300,2005-10-05 10:47:40 +36,FPS3,46505333
TO7NPC,/CAT02.NPC,34408448,81316,2005-10-05 10:47:51 +36,FPS3,46505333
TO7NPC,/CAT03.NPC,34490368,81524,2005-10-05 10:48:04 +36,FPS3,46505333
TO7NPC,/CDI00.NPC,34572288,136308,2005-10-12 20:43:13 +36,FPS3,46505333
TO7NPC,/CGU00.NPC,34709504,147000,2005-10-12 20:43:13 +36,FPS3,46505333
TO7NPC,/CHU00.NPC,34856960,118584,2005-10-12 20:31:08 +36,FPS3,46505333
TO7NPC,/CHU01.NPC,34975744,116152,2005-10-12 20:31:08 +36,FPS3,46505333
TO7NPC,/CHU10.NPC,35092480,119928,2005-10-12 20:31:08 +36,FPS3,46505333
TO7NPC,/CHU11.NPC,35213312,115832,2005-10-12 20:31:09 +36,FPS3,46505333
TO7NPC,/CHU12.NPC,35330048,116480,2005-10-12 20:31:09 +36,FPS3,46505333
TO7NPC,/CHU13.NPC,35446784,117996,2005-10-12 20:31:09 +36,FPS3,46505333
TO7NPC,/CHU20.NPC,35565568,124744,2005-10-12 20:31:09 +36,FPS3,46505333
TO7NPC,/CHU21.NPC,35690496,113664,2005-10-12 20:31:09 +36,FPS3,46505333
TO7NPC,/CHU30.NPC,35805184,122448,2005-10-12 20:31:10 +36,FPS3,46505333
TO7NPC,/CHU31.NPC,35928064,113160,2005-10-12 20:31:10 +36,FPS3,46505333
TO7NPC,/CHU32.NPC,36042752,112188,2005-10-12 20:31:10 +36,FPS3,46505333
TO7NPC,/CHU40.NPC,36155392,118588,2005-10-12 20:31:10 +36,FPS3,46505333
TO7NPC,/CHU41.NPC,36274176,115688,2005-10-12 20:31:10 +36,FPS3,46505333
TO7NPC,/CHU50.NPC,36390912,117036,2005-10-12 20:31:11 +36,FPS3,46505333
TO7NPC,/CHU51.NPC,36509696,112556,2005-10-12 20:31:11 +36,FPS3,46505333
TO7NPC,/CHU80.NPC,36622336,116120,2005-10-12 20:31:11 +36,FPS3,46505333
TO7NPC,/CHU81.NPC,36739072,116076,2005-10-12 20:31:11 +36,FPS3,46505333
TO7NPC,/CJA00.NPC,36855808,134256,2005-10-13 12:11:33 +36,FPS3,46505333
TO7NPC,/DIS00.NPC,36990976,129780,2005-10-12 20:31:14 +36,FPS3,46505333
TO7NPC,/DIS00_WEA00_R.KKD,37122048,5712,2005-10-05 12:07:42 +36,FPS3,46505333
TO7NPC,/DIS01.NPC,37128192,129540,2005-10-12 20:31:14 +36,FPS3,46505333
TO7NPC,/DIS01_WEA00_R.KKD,37259264,4752,2005-10-05 12:07:42 +36,FPS3,46505333
TO7NPC,/DIS02.NPC,37265408,129556,2005-10-12 20:31:14 +36,FPS3,46505333
TO7NPC,/DIS03.NPC,37396480,129620,2005-10-12 20:31:15 +36,FPS3,46505333
TO7NPC,/DIS10.NPC,37527552,128264,2005-10-12 20:31:15 +36,FPS3,46505333
TO7NPC,/DIS11.NPC,37656576,128600,2005-10-12 20:31:15 +36,FPS3,46505333
TO7NPC,/DIS12.NPC,37785600,129304,2005-10-12 20:31:15 +36,FPS3,46505333
TO7NPC,/DIS13.NPC,37916672,129112,2005-10-12 20:31:15 +36,FPS3,46505333
TO7NPC,/DIS14.NPC,38047744,127960,2005-10-12 20:31:16 +36,FPS3,46505333
TO7NPC,/DIS15.NPC,38176768,127992,2005-10-12 20:31:16 +36,FPS3,46505333
TO7NPC,/DIS20.NPC,38305792,131848,2005-10-12 20:31:16 +36,FPS3,46505333
TO7NPC,/DIS21.NPC,38438912,127624,2005-10-12 20:31:16 +36,FPS3,46505333
TO7NPC,/DIS22.NPC,38567936,126904,2005-10-12 20:31:16 +36,FPS3,46505333
TO7NPC,/DIS22_WEA00_L.KKD,38694912,6400,2005-10-05 12:07:42 +36,FPS3,46505333
TO7NPC,/DIS23.NPC,38703104,126824,2005-10-12 20:31:17 +36,FPS3,46505333
TO7NPC,/DIS24.NPC,38830080,129816,2005-10-12 20:31:17 +36,FPS3,46505333
TO7NPC,/DIS25.NPC,38961152,133440,2005-10-12 20:31:17 +36,FPS3,46505333
TO7NPC,/DIS25_WEA00_B.NPC,39096320,18312,2005-09-21 17:15:48 +36,FPS3,46505333
TO7NPC,/DIS30.NPC,39114752,125756,2005-10-12 20:31:17 +36,FPS3,46505333
TO7NPC,/DIS31.NPC,39241728,125196,2005-10-12 20:31:17 +36,FPS3,46505333
TO7NPC,/DIS32.NPC,39368704,126124,2005-10-12 20:31:18 +36,FPS3,46505333
TO7NPC,/DIS33.NPC,39495680,125724,2005-10-12 20:31:18 +36,FPS3,46505333
TO7NPC,/DIS34.NPC,39622656,123516,2005-10-12 20:31:18 +36,FPS3,46505333
TO7NPC,/DIS40.NPC,39747584,121520,2005-10-12 20:31:18 +36,FPS3,46505333
TO7NPC,/DIS41.NPC,39870464,125696,2005-10-12 20:31:18 +36,FPS3,46505333
TO7NPC,/DIS60.NPC,39997440,124136,2005-10-12 20:31:19 +36,FPS3,46505333
TO7NPC,/DIS61.NPC,40122368,123608,2005-10-12 20:31:19 +36,FPS3,46505333
TO7NPC,/DIS80.NPC,40247296,134428,2005-10-13 12:11:33 +36,FPS3,46505333
TO7NPC,/DIS81.NPC,40382464,145556,2005-10-13 12:11:33 +36,FPS3,46505333
TO7NPC,/DIS82.NPC,40529920,135272,2005-10-12 20:43:14 +36,FPS3,46505333
TO7NPC,/DIS83.NPC,40667136,140564,2005-10-12 20:43:14 +36,FPS3,46505333
TO7NPC,/DIS84.NPC,40808448,133012,2005-10-12 20:43:15 +36,FPS3,46505333
TO7NPC,/DIS85.NPC,40941568,136164,2005-10-12 20:43:15 +36,FPS3,46505333
TO7NPC,/DMY00.NPC,41078784,82472,2005-10-12 20:43:15 +36,FPS3,46505333
TO7NPC,/DMY01.NPC,41162752,87572,2005-10-12 20:43:15 +36,FPS3,46505333
TO7NPC,/DMY02.NPC,41250816,87604,2005-10-12 20:43:16 +36,FPS3,46505333
TO7NPC,/DMY03.NPC,41338880,87780,2005-10-12 20:43:16 +36,FPS3,46505333
TO7NPC,/DOC00.NPC,41426944,125256,2005-10-12 20:43:16 +36,FPS3,46505333
TO7NPC,/DOC00_WEA00_R.KKD,41553920,5700,2005-10-05 12:07:44 +36,FPS3,46505333
TO7NPC,/DOG00.NPC,41560064,68032,2005-10-05 10:53:46 +36,FPS3,46505333
TO7NPC,/DOG01.NPC,41629696,67192,2005-10-05 11:01:16 +36,FPS3,46505333
TO7NPC,/DOG02.NPC,41697280,67096,2005-10-05 11:00:15 +36,FPS3,46505333
TO7NPC,/DOG03.NPC,41764864,67112,2005-10-05 11:01:19 +36,FPS3,46505333
TO7NPC,/EFF_C_EFF00.NPC,41832448,44596,2005-10-12 20:44:18 +36,FPS3,46505333
TO7NPC,/EFF_C_EFF01.NPC,41877504,43364,2005-10-12 20:44:18 +36,FPS3,46505333
TO7NPC,/EFF_C_EFF02.NPC,41922560,46144,2005-10-12 20:44:18 +36,FPS3,46505333
TO7NPC,/EFF_C_EFF03.NPC,41969664,86896,2005-10-12 20:44:19 +36,FPS3,46505333
TO7NPC,/EFF_C_EFF03_02.NPC,42057728,87184,2005-10-12 20:44:19 +36,FPS3,46505333
TO7NPC,/EFF_C_EFF03_03.NPC,42145792,86432,2005-10-12 20:44:23 +36,FPS3,46505333
TO7NPC,/EFF_C_EFF03_04.NPC,42233856,86112,2005-10-12 20:44:23 +36,FPS3,46505333
TO7NPC,/EFF_C_EFF04.NPC,42321920,196592,2005-10-12 20:44:20 +36,FPS3,46505333
TO7NPC,/EFF_C_EFF05.NPC,42518528,122064,2005-10-12 20:44:20 +36,FPS3,46505333
TO7NPC,/EFF_C_EFF06.NPC,42641408,330868,2005-10-12 20:44:21 +36,FPS3,46505333
TO7NPC,/EFF_C_EFF06_01.NPC,42973184,226836,2005-10-12 20:44:21 +36,FPS3,46505333
TO7NPC,/EFF_C_EFF07_ANS.NPC,43200512,133096,2005-10-12 20:44:22 +36,FPS3,46505333
TO7NPC,/EFF_C_EFF07_JAD.NPC,43333632,116300,2005-10-12 20:44:22 +36,FPS3,46505333
TO7NPC,/EFF_C_EFF07_LUK_GUY.NPC,43450368,120172,2005-10-12 20:44:22 +36,FPS3,46505333
TO7NPC,/EFF_C_EFF07_NAT.NPC,43571200,121200,2005-10-12 20:44:23 +36,FPS3,46505333
TO7NPC,/EFF_C_EFF07_TEA.NPC,43694080,142660,2005-10-12 20:44:23 +36,FPS3,46505333
TO7NPC,/EFF_C_EFF_GUN.NPC,43837440,18816,2005-10-12 20:44:23 +36,FPS3,46505333
TO7NPC,/EFF_DEATH_EFFECT.NPC,43857920,23208,2005-10-12 20:44:20 +36,FPS3,46505333
TO7NPC,/EFF_EISYO.NPC,43882496,51648,2005-10-12 20:44:22 +36,FPS3,46505333
TO7NPC,/EFF_EP001_006_001.NPC,43935744,16112,2005-10-12 20:44:18 +36,FPS3,46505333
TO7NPC,/EFF_EP039_012_001.NPC,43952128,33320,2005-10-12 20:44:18 +36,FPS3,46505333
TO7NPC,/EFF_JADE_SWORDLIGHT.NPC,43986944,10320,2005-10-12 20:44:20 +36,FPS3,46505333
TO7NPC,/EFF_JADE_SWORDLINE.NPC,43999232,9288,2005-10-12 20:44:20 +36,FPS3,46505333
TO7NPC,/EFF_KISEKI.NPC,44009472,5608,2005-10-12 20:44:21 +36,FPS3,46505333
TO7NPC,/EFF_M061.NPC,44015616,247588,2005-10-12 20:44:16 +36,FPS3,46505333
TO7NPC,/EFF_M094.NPC,44263424,45044,2005-10-12 20:44:16 +36,FPS3,46505333
TO7NPC,/EFF_M224.NPC,44308480,41524,2005-10-12 20:44:23 +36,FPS3,46505333
TO7NPC,/EFF_M230.NPC,44351488,199652,2005-10-12 20:44:16 +36,FPS3,46505333
TO7NPC,/EFF_M232.NPC,44552192,119576,2005-10-12 20:44:17 +36,FPS3,46505333
TO7NPC,/EFF_M245.NPC,44673024,71960,2005-10-12 20:44:17 +36,FPS3,46505333
TO7NPC,/EFF_M246.NPC,44746752,209612,2005-10-12 20:44:17 +36,FPS3,46505333
TO7NPC,/EFF_M253.NPC,44957696,60060,2005-10-12 20:44:17 +36,FPS3,46505333
TO7NPC,/EFF_RAIGA.NPC,45019136,9620,2005-10-12 20:44:21 +36,FPS3,46505333
TO7NPC,/EFF_SHINDOU.NPC,45029376,11804,2005-10-12 20:44:17 +36,FPS3,46505333
TO7NPC,/EFF_SOUSYOUZAN.NPC,45041664,14872,2005-10-12 20:44:21 +36,FPS3,46505333
TO7NPC,/EFF_TAMA.NPC,45058048,12720,2005-10-12 20:44:17 +36,FPS3,46505333
TO7NPC,/ENM010.NPC,45072384,161820,2005-10-12 20:43:42 +36,FPS3,46505333
TO7NPC,/ENM011.NPC,45236224,146268,2005-10-12 20:43:42 +36,FPS3,46505333
TO7NPC,/ENM012.NPC,45383680,145716,2005-10-12 20:43:42 +36,FPS3,46505333
TO7NPC,/ENM013.NPC,45531136,138904,2005-10-12 20:43:42 +36,FPS3,46505333
TO7NPC,/ENM020.NPC,45670400,44996,2005-10-12 20:43:42 +36,FPS3,46505333
TO7NPC,/ENM021.NPC,45715456,54276,2005-10-12 20:43:43 +36,FPS3,46505333
TO7NPC,/ENM022.NPC,45770752,48868,2005-10-12 20:43:43 +36,FPS3,46505333
TO7NPC,/ENM023.NPC,45819904,60432,2005-10-12 20:43:43 +36,FPS3,46505333
TO7NPC,/ENM024.NPC,45881344,52592,2005-10-12 20:43:43 +36,FPS3,46505333
TO7NPC,/ENM040.NPC,45934592,137776,2005-10-12 20:43:43 +36,FPS3,46505333
TO7NPC,/ENM041.NPC,46073856,136156,2005-10-12 20:43:43 +36,FPS3,46505333
TO7NPC,/ENM042.NPC,46211072,129480,2005-10-12 20:43:44 +36,FPS3,46505333
TO7NPC,/ENM043.NPC,46342144,159476,2005-10-12 20:43:44 +36,FPS3,46505333
TO7NPC,/ENM050.NPC,46501888,92072,2005-10-12 20:43:44 +36,FPS3,46505333
TO7NPC,/ENM051.NPC,46594048,92872,2005-10-12 20:43:44 +36,FPS3,46505333
TO7NPC,/ENM052.NPC,46688256,88792,2005-10-12 20:43:44 +36,FPS3,46505333
TO7NPC,/ENM053.NPC,46778368,92872,2005-10-12 20:43:44 +36,FPS3,46505333
TO7NPC,/ENM054.NPC,46872576,90776,2005-10-12 20:43:45 +36,FPS3,46505333
TO7NPC,/ENM055.NPC,46964736,101936,2005-10-12 20:43:45 +36,FPS3,46505333
TO7NPC,/ENM060.NPC,47067136,99096,2005-10-12 20:43:45 +36,FPS3,46505333
TO7NPC,/ENM061.NPC,47167488,99624,2005-10-12 20:43:45 +36,FPS3,46505333
TO7NPC,/ENM062.NPC,47267840,92672,2005-10-12 20:43:45 +36,FPS3,46505333
TO7NPC,/ENM063.NPC,47362048,120556,2005-10-12 20:43:46 +36,FPS3,46505333
TO7NPC,/ENM064.NPC,47482880,120220,2005-10-12 20:43:46 +36,FPS3,46505333
TO7NPC,/ENM070.NPC,47603712,279196,2005-10-12 20:43:46 +36,FPS3,46505333
TO7NPC,/ENM072.NPC,47884288,341528,2005-10-12 20:43:46 +36,FPS3,46505333
TO7NPC,/ENM080.NPC,48226304,139200,2005-10-12 20:43:47 +36,FPS3,46505333
TO7NPC,/ENM081.NPC,48365568,139200,2005-09-14 14:48:36 +36,FPS3,46505333
TO7NPC,/ENM082.NPC,48504832,165088,2005-09-14 14:48:30 +36,FPS3,46505333
TO7NPC,/ENM083.NPC,48670720,181248,2005-10-12 20:43:47 +36,FPS3,46505333
TO7NPC,/ENM083EVE.NPC,48852992,155836,2005-09-02 21:25:22 +36,FPS3,46505333
TO7NPC,/ENM084.NPC,49010688,161024,2005-10-12 20:43:47 +36,FPS3,46505333
TO7NPC,/ENM085.NPC,49172480,161520,2005-09-14 14:52:54 +36,FPS3,46505333
TO7NPC,/ENM086.NPC,49334272,160992,2005-09-14 14:50:13 +36,FPS3,46505333
TO7NPC,/ENM093.NPC,49496064,42068,2005-09-02 21:25:00 +36,FPS3,46505333
TO7NPC,/ENM100.NPC,49539072,101372,2005-10-12 20:43:47 +36,FPS3,46505333
TO7NPC,/ENM101.NPC,49641472,86516,2005-10-12 20:43:47 +36,FPS3,46505333
TO7NPC,/ENM102.NPC,49729536,87236,2005-09-01 17:34:12 +36,FPS3,46505333
TO7NPC,/ENM103.NPC,49817600,110408,2005-10-12 20:43:48 +36,FPS3,46505333
TO7NPC,/ENM104.NPC,49928192,69544,2005-09-01 17:32:42 +36,FPS3,46505333
TO7NPC,/ENM105.NPC,49997824,106432,2005-09-01 16:58:20 +36,FPS3,46505333
TO7NPC,/ENM106.NPC,50104320,112652,2005-09-01 16:59:08 +36,FPS3,46505333
TO7NPC,/ENM110.NPC,50219008,83616,2005-10-12 20:43:48 +36,FPS3,46505333
TO7NPC,/ENM111.NPC,50302976,83648,2005-09-01 16:50:52 +36,FPS3,46505333
TO7NPC,/ENM112.NPC,50386944,93824,2005-09-01 17:44:50 +36,FPS3,46505333
TO7NPC,/ENM113.NPC,50481152,84736,2005-10-12 20:43:48 +36,FPS3,46505333
TO7NPC,/ENM114.NPC,50567168,100480,2005-09-20 21:35:21 +36,FPS3,46505333
TO7NPC,/ENM115.NPC,50669568,87056,2005-09-01 16:54:32 +36,FPS3,46505333
TO7NPC,/ENM120.NPC,50757632,52256,2005-10-12 20:43:48 +36,FPS3,46505333
TO7NPC,/ENM121.NPC,50810880,57584,2005-10-12 20:43:48 +36,FPS3,46505333
TO7NPC,/ENM122.NPC,50870272,63628,2005-09-01 16:47:34 +36,FPS3,46505333
TO7NPC,/ENM123.NPC,50935808,49376,2005-09-01 16:48:31 +36,FPS3,46505333
TO7NPC,/ENM130.NPC,50987008,118792,2005-09-01 16:37:30 +36,FPS3,46505333
TO7NPC,/ENM131.NPC,51107840,117500,2005-09-01 16:39:32 +36,FPS3,46505333
TO7NPC,/ENM132.NPC,51226624,128504,2005-09-01 16:39:04 +36,FPS3,46505333
TO7NPC,/ENM133.NPC,51355648,134840,2005-09-01 16:40:52 +36,FPS3,46505333
TO7NPC,/EON00.NPC,51490816,278824,2005-10-12 20:43:16 +36,FPS3,46505333
TO7NPC,/EON00_WEA00_L.KKD,51771392,9448,2005-10-05 12:07:47 +36,FPS3,46505333
TO7NPC,/ETC000.NPC,51781632,28768,2005-09-21 18:58:49 +36,FPS3,46505333
TO7NPC,/EXC003.NPC,51812352,262084,2005-09-27 11:38:48 +36,FPS3,46505333
TO7NPC,/EXC004.NPC,52074496,15784,2005-10-05 12:07:47 +36,FPS3,46505333
TO7NPC,/FD_TEST_000.CAM,52090880,2896,2005-10-05 12:07:47 +36,?,43414d37
TO7NPC,/FLY000.NPC,52094976,87276,2005-10-12 20:43:49 +36,FPS3,46505333
TO7NPC,/FLY001.NPC,52183040,94904,2005-10-12 20:43:49 +36,FPS3,46505333
TO7NPC,/FLY002.NPC,52279296,99964,2005-10-12 20:43:49 +36,FPS3,46505333
TO7NPC,/FLY003.NPC,52379648,93372,2005-10-12 20:43:49 +36,FPS3,46505333
TO7NPC,/FLY004.NPC,52473856,89196,2005-10-12 20:43:50 +36,FPS3,46505333
TO7NPC,/FLY005.NPC,52563968,89628,2005-10-12 20:43:51 +36,FPS3,46505333
TO7NPC,/FLY006.NPC,52654080,92860,2005-10-12 20:43:51 +36,FPS3,46505333
TO7NPC,/FLY007.NPC,52748288,87100,2005-10-12 20:43:51 +36,FPS3,46505333
TO7NPC,/FLY008.NPC,52836352,91628,2005-10-12 20:43:51 +36,FPS3,46505333
TO7NPC,/FLY009.NPC,52928512,87724,2005-10-12 20:43:51 +36,FPS3,46505333
TO7NPC,/FLY00A.NPC,53016576,87708,2005-10-12 20:43:52 +36,FPS3,46505333
TO7NPC,/FLY010.NPC,53104640,181264,2005-10-12 20:43:52 +36,FPS3,46505333
TO7NPC,/FLY011.NPC,53286912,181552,2005-10-12 20:43:52 +36,FPS3,46505333
TO7NPC,/FLY012.NPC,53469184,205616,2005-10-12 20:43:52 +36,FPS3,46505333
TO7NPC,/FLY013.NPC,53676032,197056,2005-09-10 22:49:47 +36,FPS3,46505333
TO7NPC,/FLY020.NPC,53874688,159996,2005-10-12 20:43:53 +36,FPS3,46505333
TO7NPC,/FLY021.NPC,54036480,153040,2005-10-12 20:43:53 +36,FPS3,46505333
TO7NPC,/FLY022.NPC,54190080,152960,2005-10-12 20:43:53 +36,FPS3,46505333
TO7NPC,/FLY023.NPC,54343680,163440,2005-10-12 20:43:54 +36,FPS3,46505333
TO7NPC,/FLY024.NPC,54507520,172080,2005-10-12 20:43:54 +36,FPS3,46505333
TO7NPC,/FLY025.NPC,54681600,175472,2005-10-12 20:43:54 +36,FPS3,46505333
TO7NPC,/FLY030.NPC,54857728,74404,2005-10-12 20:43:54 +36,FPS3,46505333
TO7NPC,/FLY031.NPC,54933504,74516,2005-10-12 20:43:55 +36,FPS3,46505333
TO7NPC,/FLY032.NPC,55009280,76260,2005-10-12 20:43:55 +36,FPS3,46505333
TO7NPC,/FLY033.NPC,55087104,74228,2005-10-12 20:43:55 +36,FPS3,46505333
TO7NPC,/FLY034.NPC,55162880,74228,2005-10-12 20:43:55 +36,FPS3,46505333
TO7NPC,/FLY035.NPC,55238656,74340,2005-10-12 20:43:55 +36,FPS3,46505333
TO7NPC,/FLY036.NPC,55314432,74228,2005-10-12 20:43:55 +36,FPS3,46505333
TO7NPC,/FLY037.NPC,55390208,74916,2005-10-12 20:43:56 +36,FPS3,46505333
TO7NPC,/FLY038.NPC,55465984,74404,2005-10-12 20:43:56 +36,FPS3,46505333
TO7NPC,/FLY039.NPC,55541760,74516,2005-10-12 20:43:56 +36,FPS3,46505333
TO7NPC,/FLY03A.NPC,55617536,74516,2005-10-12 20:43:57 +36,FPS3,46505333
TO7NPC,/FLY040.NPC,55693312,199476,2005-10-21 11:25:09 +36,FPS3,46505333
TO7NPC,/FLY041.NPC,55894016,203476,2005-10-21 11:25:09 +36,FPS3,46505333
TO7NPC,/FLY042.NPC,56098816,247664,2005-10-21 11:25:09 +36,FPS3,46505333
TO7NPC,/FLY043.NPC,56346624,227632,2005-10-21 11:25:09 +36,FPS3,46505333
TO7NPC,/FOR80.NPC,56576000,148212,2005-10-13 12:11:35 +36,FPS3,46505333
TO7NPC,/F_FLY_00.NPC,56725504,258652,2005-10-06 22:46:25 +36,FPS3,46505333
TO7NPC,/F_FLY_00_A.NPC,56985600,196436,2005-10-11 22:31:03 +36,FPS3,46505333
TO7NPC,/F_FLY_00_B.NPC,57182208,256876,2005-10-11 22:32:32 +36,FPS3,46505333
TO7NPC,/F_FLY_00_V1.NPC,57440256,194948,2005-10-04 17:43:57 +36,FPS3,46505333
TO7NPC,/F_FLY_00_V2.NPC,57636864,205504,2005-10-04 17:44:01 +36,FPS3,46505333
TO7NPC,/F_FLY_00_V3.NPC,57843712,201044,2005-10-04 17:43:48 +36,FPS3,46505333
TO7NPC,/F_FLY_01.NPC,58046464,421844,2005-09-07 15:46:32 +36,FPS3,46505333
TO7NPC,/F_FON_DOOR.NPC,58468352,20124,2005-10-20 10:57:33 +36,FPS3,46505333
TO7NPC,/F_ION_OPEN.NPC,58488832,86784,2005-10-07 21:27:08 +36,FPS3,46505333
TO7NPC,/F_KEN_EFFECT.NPC,58576896,15316,2005-10-06 22:51:52 +36,FPS3,46505333
TO7NPC,/F_NIGHTMARE.NPC,58593280,17444,2005-11-06 23:17:21 +36,FPS3,46505333
TO7NPC,/F_SHIP01.NPC,58611712,202308,2005-10-06 21:32:14 +36,FPS3,46505333
TO7NPC,/F_SHIP02.NPC,58814464,191016,2005-09-09 17:27:31 +36,FPS3,46505333
TO7NPC,/F_SMOKE_W.NPC,59006976,2968,2005-11-02 18:10:53 +36,FPS3,46505333
TO7NPC,/F_SMOKE_Y.NPC,59011072,4176,2005-11-02 10:22:03 +36,FPS3,46505333
TO7NPC,/F_WAGON.NPC,59017216,370312,2005-10-03 22:45:35 +36,FPS3,46505333
TO7NPC,/F_WAGON_02.NPC,59387904,341696,2005-10-03 22:45:30 +36,FPS3,46505333
TO7NPC,/F_WAGON_HORSE.NPC,59729920,252720,2005-09-07 15:44:56 +36,FPS3,46505333
TO7NPC,/F_WARBIOL.NPC,59983872,266588,2005-10-06 22:45:07 +36,FPS3,46505333
TO7NPC,/F_WARBIOL_A.NPC,60252160,196312,2005-10-11 22:33:52 +36,FPS3,46505333
TO7NPC,/F_WARBIOL_B.NPC,60448768,261868,2005-10-11 22:35:06 +36,FPS3,46505333
TO7NPC,/GRE00.NPC,60710912,141008,2005-10-13 12:11:35 +36,FPS3,46505333
TO7NPC,/GRE00_WEA00_B.KKD,60852224,7060,2005-10-05 12:07:49 +36,FPS3,46505333
TO7NPC,/GRE00_WEA00_B.NPC,60860416,7424,2005-10-05 12:07:49 +36,FPS2,46505332
TO7NPC,/GUY00.NPC,60868608,219156,2005-10-12 20:30:35 +36,FPS3,46505333
TO7NPC,/GUY00_H.NPC,61089792,270624,2005-10-12 20:30:35 +36,FPS3,46505333
TO7NPC,/GUY00_WEA00_LR.KKD,61362176,13644,2005-10-05 12:07:49 +36,FPS3,46505333
TO7NPC,/GUY02.NPC,61376512,218044,2005-10-12 20:30:35 +36,FPS3,46505333
TO7NPC,/GUY02_H.NPC,61595648,269032,2005-10-12 20:30:36 +36,FPS3,46505333
TO7NPC,/GUY03.NPC,61865984,209912,2005-10-12 20:30:36 +36,FPS3,46505333
TO7NPC,/GUY03_H.NPC,62076928,262228,2005-10-12 20:30:36 +36,FPS3,46505333
TO7NPC,/GUY04.NPC,62341120,210336,2005-10-12 20:30:36 +36,FPS3,46505333
TO7NPC,/GUY04_H.NPC,62552064,262444,2005-10-12 20:30:36 +36,FPS3,46505333
TO7NPC,/GUY05.NPC,62816256,214160,2005-10-12 20:30:36 +36,FPS3,46505333
TO7NPC,/GUY05_H.NPC,63031296,265708,2005-10-12 20:30:36 +36,FPS3,46505333
TO7NPC,/GUY08.NPC,63297536,186252,2005-10-12 20:30:37 +36,FPS3,46505333
TO7NPC,/GUY08_H.NPC,63483904,219648,2005-10-12 20:30:37 +36,FPS3,46505333
TO7NPC,/GUY09.NPC,63705088,218104,2005-10-12 20:30:37 +36,FPS3,46505333
TO7NPC,/GUY09_H.NPC,63924224,269348,2005-10-12 20:30:37 +36,FPS3,46505333
TO7NPC,/GUY_EX.PKD,64194560,79476,2005-10-12 20:30:37 +36,FPS3,46505333
TO7NPC,/HUM000.NPC,64274432,132912,2005-10-21 11:25:09 +36,FPS3,46505333
TO7NPC,/HUM001.NPC,64407552,141548,2005-10-21 11:25:09 +36,FPS3,46505333
TO7NPC,/HUM002.NPC,64550912,84960,2005-10-20 12:12:11 +36,FPS3,46505333
TO7NPC,/HUM003.NPC,64636928,126640,2005-11-01 17:03:41 +36,FPS3,46505333
TO7NPC,/HUM010.NPC,64763904,143400,2005-10-12 20:44:00 +36,FPS3,46505333
TO7NPC,/HUM011.NPC,64909312,142792,2005-10-21 11:25:09 +36,FPS3,46505333
TO7NPC,/HUM012.NPC,65052672,148216,2005-10-12 20:44:00 +36,FPS3,46505333
TO7NPC,/HUM013.NPC,65202176,138348,2005-11-01 17:03:41 +36,FPS3,46505333
TO7NPC,/HUM020.NPC,65341440,164016,2005-10-12 20:44:00 +36,FPS3,46505333
TO7NPC,/HUM021.NPC,65507328,165072,2005-10-21 11:25:09 +36,FPS3,46505333
TO7NPC,/HUM022.NPC,65673216,161472,2005-10-12 20:44:01 +36,FPS3,46505333
TO7NPC,/HUM023.NPC,65835008,132464,2005-11-01 17:03:41 +36,FPS3,46505333
TO7NPC,/HUM030.NPC,65968128,163052,2005-10-12 20:44:01 +36,FPS3,46505333
TO7NPC,/HUM031.NPC,66131968,176412,2005-10-12 20:44:01 +36,FPS3,46505333
TO7NPC,/HUM032.NPC,66310144,171612,2005-10-12 20:44:02 +36,FPS3,46505333
TO7NPC,/HUM033.NPC,66482176,159852,2005-09-22 00:03:31 +36,FPS3,46505333
TO7NPC,/HUM040.NPC,66643968,314768,2005-10-12 20:44:02 +36,FPS3,46505333
TO7NPC,/HUM041.NPC,66959360,257256,2005-10-12 20:44:02 +36,FPS3,46505333
TO7NPC,/HUM042.NPC,67217408,295584,2005-10-12 20:44:02 +36,FPS3,46505333
TO7NPC,/HUM043.NPC,67514368,235520,2005-10-12 20:44:02 +36,FPS3,46505333
TO7NPC,/HUM044.NPC,67749888,307652,2005-10-12 20:44:03 +36,FPS3,46505333
TO7NPC,/HUM050.NPC,68059136,125076,2005-10-12 20:44:03 +36,FPS3,46505333
TO7NPC,/HUM051.NPC,68186112,117580,2005-10-12 20:44:03 +36,FPS3,46505333
TO7NPC,/HUM052.NPC,68304896,56752,2005-10-12 20:44:03 +36,FPS3,46505333
TO7NPC,/HUM053.NPC,68362240,125716,2005-09-22 10:20:05 +36,FPS3,46505333
TO7NPC,/HUM060.NPC,68489216,178208,2005-10-12 20:44:04 +36,FPS3,46505333
TO7NPC,/HUM061.NPC,68669440,176500,2005-10-12 20:44:04 +36,FPS3,46505333
TO7NPC,/HUM062.NPC,68847616,149644,2005-10-12 20:44:04 +36,FPS3,46505333
TO7NPC,/HUM063.NPC,68999168,150608,2005-10-12 20:44:04 +36,FPS3,46505333
TO7NPC,/HUM064.NPC,69150720,158608,2005-10-12 20:44:04 +36,FPS3,46505333
TO7NPC,/HUM070.NPC,69310464,116668,2005-10-12 20:44:05 +36,FPS3,46505333
TO7NPC,/HUM071.NPC,69427200,101440,2005-10-21 11:25:10 +36,FPS3,46505333
TO7NPC,/HUM072.NPC,69529600,119708,2005-10-21 11:25:10 +36,FPS3,46505333
TO7NPC,/HUM073.NPC,69650432,119828,2005-10-20 11:37:52 +36,FPS3,46505333
TO7NPC,/HUM074.NPC,69771264,143844,2005-10-21 11:25:10 +36,FPS3,46505333
TO7NPC,/HUM080.NPC,69916672,114876,2005-10-12 20:31:07 +36,FPS3,46505333
TO7NPC,/HUM080B.NPC,70033408,113976,2005-10-05 12:07:52 +36,FPS3,46505333
TO7NPC,/HUM081.NPC,70148096,112300,2005-10-12 20:31:07 +36,FPS3,46505333
TO7NPC,/HUM081_WEA00_R.KKD,70260736,8928,2005-10-05 12:07:52 +36,FPS3,46505333
TO7NPC,/HUM081_WEA01_R.KKD,70270976,7968,2005-10-05 12:07:52 +36,FPS3,46505333
TO7NPC,/HUM082.NPC,70279168,114880,2005-10-12 20:31:19 +36,FPS3,46505333
TO7NPC,/HUM083.NPC,70395904,134876,2005-10-12 20:31:19 +36,FPS3,46505333
TO7NPC,/HUM084.NPC,70531072,133436,2005-10-12 20:31:20 +36,FPS3,46505333
TO7NPC,/HUM085.NPC,70666240,113692,2005-10-12 20:31:20 +36,FPS3,46505333
TO7NPC,/HUM086.NPC,70780928,111508,2005-10-12 20:31:20 +36,FPS3,46505333
TO7NPC,/HUM087.NPC,70893568,114096,2005-10-12 20:31:07 +36,FPS3,46505333
TO7NPC,/HUM090.NPC,71008256,124104,2005-10-12 20:31:57 +36,FPS3,46505333
TO7NPC,/HUM090_WEA00_L.KKD,71133184,11080,2005-10-05 12:07:53 +36,FPS3,46505333
TO7NPC,/HUM090_WEA00_R.KKD,71145472,7284,2005-10-05 12:07:53 +36,FPS3,46505333
TO7NPC,/HUM091.NPC,71153664,115112,2005-10-12 20:31:58 +36,FPS3,46505333
TO7NPC,/HUM091_WEA00_L.KKD,71270400,12680,2005-10-05 12:07:53 +36,FPS3,46505333
TO7NPC,/HUM091_WEA00_R.KKD,71284736,7540,2005-10-05 12:07:53 +36,FPS3,46505333
TO7NPC,/HUM092.NPC,71292928,124772,2005-10-12 20:31:20 +36,FPS3,46505333
TO7NPC,/HUM093.NPC,71417856,120532,2005-10-12 20:31:20 +36,FPS3,46505333
TO7NPC,/HUM094.NPC,71538688,120400,2005-10-12 20:31:20 +36,FPS3,46505333
TO7NPC,/HUM095.NPC,71659520,119828,2005-10-12 20:31:21 +36,FPS3,46505333
TO7NPC,/HUM100.NPC,71780352,118752,2005-10-12 20:31:58 +36,FPS3,46505333
TO7NPC,/HUM100_WEA00_R.KKD,71899136,8132,2005-10-05 12:07:53 +36,FPS3,46505333
TO7NPC,/HUM110.NPC,71907328,144456,2005-10-12 20:31:11 +36,FPS3,46505333
TO7NPC,/HUM110BT.NPC,72052736,168488,2005-10-12 20:44:06 +36,FPS3,46505333
TO7NPC,/HUM110_WEA00_R.KKD,72222720,8504,2005-10-05 12:07:53 +36,FPS3,46505333
TO7NPC,/HUM110_WEA01_R.KKD,72232960,10556,2005-10-05 12:07:53 +36,FPS3,46505333
TO7NPC,/HUM111.NPC,72245248,147140,2005-10-12 20:31:12 +36,FPS3,46505333
TO7NPC,/HUM111BT.NPC,72392704,167288,2005-09-04 20:54:44 +36,FPS3,46505333
TO7NPC,/HUM120.NPC,72560640,158952,2005-10-12 20:31:12 +36,FPS3,46505333
TO7NPC,/HUM120BT.NPC,72720384,173892,2005-11-07 21:17:57 +36,FPS3,46505333
TO7NPC,/HUM120_WEA00_L.KKD,72894464,10244,2005-10-05 12:07:53 +36,FPS3,46505333
TO7NPC,/HUM120_WEA01_L.KKD,72906752,10292,2005-10-05 12:07:53 +36,FPS3,46505333
TO7NPC,/HUM121.NPC,72919040,161736,2005-10-12 20:31:12 +36,FPS3,46505333
TO7NPC,/HUM121BT.NPC,73080832,163648,2005-09-10 23:22:05 +36,FPS3,46505333
TO7NPC,/HUM130.NPC,73244672,117872,2005-10-12 20:31:13 +36,FPS3,46505333
TO7NPC,/HUM130_WEA00_R.KKD,73363456,9212,2005-10-05 12:07:53 +36,FPS3,46505333
TO7NPC,/HUM131.NPC,73373696,120160,2005-10-12 20:31:13 +36,FPS3,46505333
TO7NPC,/HUM131_WEA00_R.KKD,73494528,7852,2005-10-05 12:07:53 +36,FPS3,46505333
TO7NPC,/HUM140.NPC,73502720,162616,2005-10-12 20:31:08 +36,FPS3,46505333
TO7NPC,/HUM150.NPC,73666560,114376,2005-10-12 20:31:13 +36,FPS3,46505333
TO7NPC,/HUM150_WEA00_R.KKD,73781248,14048,2005-10-05 12:07:53 +36,FPS3,46505333
TO7NPC,/HUM151.NPC,73795584,114376,2005-10-12 20:31:13 +36,FPS3,46505333
TO7NPC,/HUM160.NPC,73910272,143044,2005-10-12 20:31:13 +36,FPS3,46505333
TO7NPC,/HUM161.NPC,74053632,143044,2005-10-12 20:31:14 +36,FPS3,46505333
TO7NPC,/HUM162.NPC,74196992,166152,2005-10-05 12:07:54 +36,FPS3,46505333
TO7NPC,/HUM163.NPC,74364928,164424,2005-10-05 12:07:54 +36,FPS3,46505333
TO7NPC,/HUM170.NPC,74530816,130584,2005-10-12 20:44:06 +36,FPS3,46505333
TO7NPC,/HUM171.NPC,74661888,162616,2005-10-12 20:44:06 +36,FPS3,46505333
TO7NPC,/HUM172.NPC,74825728,135172,2005-10-12 20:44:06 +36,FPS3,46505333
TO7NPC,/HUM180.NPC,74962944,145756,2005-10-12 20:44:06 +36,FPS3,46505333
TO7NPC,/HUM182.NPC,75110400,150240,2005-10-12 20:44:07 +36,FPS3,46505333
TO7NPC,/HUM190.NPC,75261952,162788,2005-09-01 12:54:45 +36,FPS3,46505333
TO7NPC,/JAD00.NPC,75425792,216920,2005-10-21 15:53:19 +36,FPS3,46505333
TO7NPC,/JAD00_H.NPC,75642880,264112,2005-10-21 15:53:19 +36,FPS3,46505333
TO7NPC,/JAD02.NPC,75907072,218376,2005-10-21 15:53:19 +36,FPS3,46505333
TO7NPC,/JAD02_H.NPC,76126208,262896,2005-10-21 15:53:19 +36,FPS3,46505333
TO7NPC,/JAD03.NPC,76390400,204256,2005-10-21 15:53:19 +36,FPS3,46505333
TO7NPC,/JAD03_H.NPC,76595200,248952,2005-10-21 15:53:19 +36,FPS3,46505333
TO7NPC,/JAD04.NPC,76845056,221540,2005-10-21 15:53:20 +36,FPS3,46505333
TO7NPC,/JAD04_H.NPC,77068288,265916,2005-10-21 15:53:20 +36,FPS3,46505333
TO7NPC,/JAD08.NPC,77334528,188108,2005-10-21 15:53:20 +36,FPS3,46505333
TO7NPC,/JAD08_H.NPC,77522944,221296,2005-10-21 15:53:20 +36,FPS3,46505333
TO7NPC,/JAD09.NPC,77746176,210068,2005-10-21 15:53:20 +36,FPS3,46505333
TO7NPC,/JAD09_H.NPC,77957120,257308,2005-10-21 15:53:20 +36,FPS3,46505333
TO7NPC,/JAD_EX.PKD,78215168,89392,2005-10-24 10:23:15 +36,FPS3,46505333
TO7NPC,/LUK00.NPC,78305280,230704,2005-10-19 15:24:21 +36,FPS3,46505333
TO7NPC,/LUK00_APP00_L.KKD,78536704,4888,2005-10-05 12:07:55 +36,FPS3,46505333
TO7NPC,/LUK00_H.NPC,78542848,282988,2005-10-19 15:24:22 +36,FPS3,46505333
TO7NPC,/LUK00_SAIHU00_R.KKD,78827520,8052,2005-10-05 12:07:55 +36,FPS3,46505333
TO7NPC,/LUK01.NPC,78835712,234784,2005-10-19 15:24:22 +36,FPS3,46505333
TO7NPC,/LUK01_H.NPC,79071232,287068,2005-10-19 15:24:22 +36,FPS3,46505333
TO7NPC,/LUK02.NPC,79360000,223868,2005-10-19 15:24:22 +36,FPS3,46505333
TO7NPC,/LUK02_H.NPC,79585280,273524,2005-10-19 15:24:22 +36,FPS3,46505333
TO7NPC,/LUK03.NPC,79859712,202908,2005-10-19 15:24:22 +36,FPS3,46505333
TO7NPC,/LUK03_H.NPC,80064512,252628,2005-10-19 15:24:23 +36,FPS3,46505333
TO7NPC,/LUK04.NPC,80318464,195488,2005-10-19 15:24:23 +36,FPS3,46505333
TO7NPC,/LUK04_H.NPC,80515072,249388,2005-10-19 15:24:23 +36,FPS3,46505333
TO7NPC,/LUK05.NPC,80764928,203096,2005-10-05 12:07:56 +36,FPS3,46505333
TO7NPC,/LUK05_H.NPC,80969728,261348,2005-10-05 12:07:56 +36,FPS3,46505333
TO7NPC,/LUK06.NPC,81231872,189080,2005-10-19 15:24:23 +36,FPS3,46505333
TO7NPC,/LUK06_H.NPC,81422336,238168,2005-10-19 15:24:23 +36,FPS3,46505333
TO7NPC,/LUK07.NPC,81661952,205704,2005-10-19 15:24:23 +36,FPS3,46505333
TO7NPC,/LUK07_H.NPC,81868800,255128,2005-10-19 15:24:23 +36,FPS3,46505333
TO7NPC,/LUK08.NPC,82124800,173600,2005-10-19 15:24:23 +36,FPS3,46505333
TO7NPC,/LUK08_H.NPC,82298880,217240,2005-10-19 15:24:23 +36,FPS3,46505333
TO7NPC,/LUK09.NPC,82518016,208904,2005-10-19 15:24:24 +36,FPS3,46505333
TO7NPC,/LUK09_H.NPC,82728960,250684,2005-10-19 15:24:24 +36,FPS3,46505333
TO7NPC,/LUK10.NPC,82980864,209080,2005-10-19 15:24:24 +36,FPS3,46505333
TO7NPC,/LUK10_H.NPC,83191808,258468,2005-10-19 15:24:24 +36,FPS3,46505333
TO7NPC,/LUK_EX.PKD,83451904,90492,2005-10-19 15:24:24 +36,FPS3,46505333
TO7NPC,/MAC00.NPC,83544064,129248,2005-10-19 12:15:11 +36,FPS3,46505333
TO7NPC,/MAR00.NPC,83675136,163168,2005-10-13 12:11:36 +36,FPS3,46505333
TO7NPC,/MC_B011.ANM,83838976,9744,2005-10-05 12:07:57 +36,?,1b000000
TO7NPC,/MDL_MIN_T02_DOOR.NPC,83849216,5784,2005-10-05 12:07:57 +36,FPS3,46505333
TO7NPC,/MDL_MYU_TURARA.NPC,83855360,29356,2005-10-05 12:07:57 +36,FPS3,46505333
TO7NPC,/MDL_TRB_W00.NPC,83886080,19156,2005-10-05 12:07:57 +36,FPS3,46505333
TO7NPC,/MEI00.NPC,83906560,129240,2005-10-12 20:31:21 +36,FPS3,46505333
TO7NPC,/MEI01.NPC,84037632,129976,2005-10-12 20:31:21 +36,FPS3,46505333
TO7NPC,/MEI02.NPC,84168704,124456,2005-10-12 20:31:21 +36,FPS3,46505333
TO7NPC,/MEI03.NPC,84293632,132776,2005-10-12 20:31:22 +36,FPS3,46505333
TO7NPC,/MEI04.NPC,84426752,127564,2005-10-12 20:31:22 +36,FPS3,46505333
TO7NPC,/MEI05.NPC,84555776,125276,2005-10-12 20:31:22 +36,FPS3,46505333
TO7NPC,/MEI06.NPC,84682752,116108,2005-10-12 20:31:22 +36,FPS3,46505333
TO7NPC,/MEI07.NPC,84799488,99508,2005-10-12 20:31:22 +36,FPS3,46505333
TO7NPC,/MEI08.NPC,84899840,99508,2005-10-12 20:31:22 +36,FPS3,46505333
TO7NPC,/MEI09.NPC,85000192,99508,2005-10-12 20:31:23 +36,FPS3,46505333
TO7NPC,/MEI10.NPC,85100544,128508,2005-10-12 20:31:23 +36,FPS3,46505333
TO7NPC,/MEI11.NPC,85229568,114744,2005-10-12 20:31:23 +36,FPS3,46505333
TO7NPC,/MEI11_WEA00_R.KKD,85346304,4400,2005-10-05 12:07:57 +36,FPS3,46505333
TO7NPC,/MEI12.NPC,85352448,118776,2005-10-12 20:31:23 +36,FPS3,46505333
TO7NPC,/MEI13.NPC,85471232,130876,2005-10-12 20:31:23 +36,FPS3,46505333
TO7NPC,/MEI14.NPC,85602304,114312,2005-10-12 20:31:24 +36,FPS3,46505333
TO7NPC,/MEI15.NPC,85716992,117560,2005-10-12 20:31:24 +36,FPS3,46505333
TO7NPC,/MEI16.NPC,85835776,100516,2005-10-05 12:07:58 +36,FPS3,46505333
TO7NPC,/MEI20.NPC,85938176,125600,2005-10-12 20:31:24 +36,FPS3,46505333
TO7NPC,/MEI27.NPC,86065152,126960,2005-10-12 20:31:25 +36,FPS3,46505333
TO7NPC,/MEI28.NPC,86192128,127960,2005-10-12 20:31:25 +36,FPS3,46505333
TO7NPC,/MEI29.NPC,86321152,129176,2005-10-12 20:31:25 +36,FPS3,46505333
TO7NPC,/MEI30.NPC,86452224,140392,2005-10-12 20:31:25 +36,FPS3,46505333
TO7NPC,/MEI31.NPC,86593536,138296,2005-10-12 20:31:26 +36,FPS3,46505333
TO7NPC,/MEI40.NPC,86732800,122276,2005-10-12 20:31:26 +36,FPS3,46505333
TO7NPC,/MEI41.NPC,86855680,128744,2005-10-12 20:31:26 +36,FPS3,46505333
TO7NPC,/MEI42.NPC,86984704,130504,2005-10-12 20:31:26 +36,FPS3,46505333
TO7NPC,/MEI43.NPC,87115776,125240,2005-10-12 20:31:26 +36,FPS3,46505333
TO7NPC,/MEI50.NPC,87242752,108708,2005-10-13 12:11:37 +36,FPS3,46505333
TO7NPC,/MEI51.NPC,87353344,116616,2005-10-12 20:31:27 +36,FPS3,46505333
TO7NPC,/MEI52.NPC,87470080,119664,2005-10-12 20:31:27 +36,FPS3,46505333
TO7NPC,/MEI53.NPC,87590912,128444,2005-10-12 20:31:27 +36,FPS3,46505333
TO7NPC,/MEI54.NPC,87719936,127572,2005-10-12 20:31:27 +36,FPS3,46505333
TO7NPC,/MEI55.NPC,87848960,133280,2005-10-12 20:31:27 +36,FPS3,46505333
TO7NPC,/MEI60.NPC,87984128,121352,2005-10-12 20:31:28 +36,FPS3,46505333
TO7NPC,/MEI70.NPC,88107008,113416,2005-10-12 20:31:28 +36,FPS3,46505333
TO7NPC,/MEI80.NPC,88221696,120708,2005-10-12 20:31:28 +36,FPS3,46505333
TO7NPC,/MEI90.NPC,88342528,125132,2005-10-27 17:11:23 +36,FPS3,46505333
TO7NPC,/MEI91.NPC,88469504,121680,2005-10-26 21:48:25 +36,FPS3,46505333
TO7NPC,/MEI92.NPC,88592384,150836,2005-10-26 21:48:31 +36,FPS3,46505333
TO7NPC,/MEI94.NPC,88743936,120492,2005-10-12 20:31:28 +36,FPS3,46505333
TO7NPC,/MEI95.NPC,88864768,119224,2005-10-26 21:48:43 +36,FPS3,46505333
TO7NPC,/MEI96.NPC,88985600,115812,2005-10-27 17:11:23 +36,FPS3,46505333
TO7NPC,/MEI97.NPC,89102336,134424,2005-10-26 21:48:55 +36,FPS3,46505333
TO7NPC,/MEI98.NPC,89237504,168116,2005-10-26 21:49:01 +36,FPS3,46505333
TO7NPC,/MEI99.NPC,89407488,192372,2005-10-26 21:49:07 +36,FPS3,46505333
TO7NPC,/MEP00.NPC,89600000,112840,2005-10-12 20:31:28 +36,FPS3,46505333
TO7NPC,/MEP01.NPC,89714688,114456,2005-10-12 20:31:29 +36,FPS3,46505333
TO7NPC,/MEP02.NPC,89829376,113816,2005-10-12 20:31:29 +36,FPS3,46505333
TO7NPC,/MEP03.NPC,89944064,121976,2005-10-12 20:31:29 +36,FPS3,46505333
TO7NPC,/MEP04.NPC,90066944,120824,2005-10-12 20:31:29 +36,FPS3,46505333
TO7NPC,/MEP05.NPC,90187776,120776,2005-10-12 20:31:29 +36,FPS3,46505333
TO7NPC,/MEP06.NPC,90308608,110488,2005-10-12 20:31:30 +36,FPS3,46505333
TO7NPC,/MEP07.NPC,90419200,111240,2005-10-12 20:31:30 +36,FPS3,46505333
TO7NPC,/MEP08.NPC,90531840,111096,2005-10-12 20:31:30 +36,FPS3,46505333
TO7NPC,/MEP09.NPC,90644480,113912,2005-10-12 20:31:30 +36,FPS3,46505333
TO7NPC,/MEP10.NPC,90759168,116024,2005-10-12 20:31:30 +36,FPS3,46505333
TO7NPC,/MEP11.NPC,90875904,115976,2005-10-12 20:31:31 +36,FPS3,46505333
TO7NPC,/MEP20.NPC,90992640,115956,2005-10-12 20:31:31 +36,FPS3,46505333
TO7NPC,/MIN00.NPC,91109376,115772,2005-10-12 20:31:31 +36,FPS3,46505333
TO7NPC,/MIN01.NPC,91226112,119708,2005-10-12 20:31:31 +36,FPS3,46505333
TO7NPC,/MIN02.NPC,91346944,117884,2005-10-12 20:31:31 +36,FPS3,46505333
TO7NPC,/MIN03.NPC,91465728,121580,2005-10-12 20:31:32 +36,FPS3,46505333
TO7NPC,/MIN04.NPC,91588608,112140,2005-10-12 20:31:32 +36,FPS3,46505333
TO7NPC,/MIN05.NPC,91701248,117996,2005-10-12 20:31:32 +36,FPS3,46505333
TO7NPC,/MIN06.NPC,91820032,121020,2005-10-12 20:31:32 +36,FPS3,46505333
TO7NPC,/MIN07.NPC,91942912,118396,2005-10-12 20:31:32 +36,FPS3,46505333
TO7NPC,/MIN08.NPC,92061696,119756,2005-10-12 20:31:32 +36,FPS3,46505333
TO7NPC,/MIN09.NPC,92182528,117948,2005-10-12 20:31:33 +36,FPS3,46505333
TO7NPC,/MIN10.NPC,92301312,121228,2005-10-12 20:31:33 +36,FPS3,46505333
TO7NPC,/MIN20.NPC,92424192,119396,2005-10-12 20:31:33 +36,FPS3,46505333
TO7NPC,/MIN21.NPC,92545024,122196,2005-10-12 20:31:33 +36,FPS3,46505333
TO7NPC,/MIN21_WEA00_R.KKD,92667904,4240,2005-10-05 12:08:00 +36,FPS3,46505333
TO7NPC,/MIN22.NPC,92674048,109796,2005-10-12 20:31:33 +36,FPS3,46505333
TO7NPC,/MIN23.NPC,92784640,121860,2005-10-12 20:31:34 +36,FPS3,46505333
TO7NPC,/MIN24.NPC,92907520,121700,2005-10-12 20:31:34 +36,FPS3,46505333
TO7NPC,/MIN25.NPC,93030400,115716,2005-10-12 20:31:34 +36,FPS3,46505333
TO7NPC,/MIN26.NPC,93147136,116308,2005-10-12 20:31:34 +36,FPS3,46505333
TO7NPC,/MIN27.NPC,93263872,118036,2005-10-12 20:31:34 +36,FPS3,46505333
TO7NPC,/MIN28.NPC,93382656,112612,2005-10-12 20:31:35 +36,FPS3,46505333
TO7NPC,/MIN29.NPC,93495296,112612,2005-10-12 20:31:35 +36,FPS3,46505333
TO7NPC,/MIN30.NPC,93607936,127180,2005-10-13 12:11:37 +36,FPS3,46505333
TO7NPC,/MIN40.NPC,93736960,153040,2005-10-12 20:43:20 +36,FPS3,46505333
TO7NPC,/MIN50.NPC,93890560,119980,2005-10-12 20:31:35 +36,FPS3,46505333
TO7NPC,/MOE00.NPC,94011392,144140,2005-10-13 12:11:37 +36,FPS3,46505333
TO7NPC,/MOE00_WEA00_B.KKD,94156800,7204,2005-10-05 12:08:01 +36,FPS3,46505333
TO7NPC,/MOR00.NPC,94164992,151416,2005-10-12 20:43:21 +36,FPS3,46505333
TO7NPC,/MOTION.PKF,94316544,19468288,2005-11-02 14:48:19 +36,FPS3,46505333
TO7NPC,/MYU00.NPC,113784832,125600,2005-10-12 20:43:21 +36,FPS3,46505333
TO7NPC,/NAM00.NPC,113911808,116988,2005-10-12 20:31:35 +36,FPS3,46505333
TO7NPC,/NAM10.NPC,114030592,118624,2005-10-12 20:31:35 +36,FPS3,46505333
TO7NPC,/NAM11.NPC,114149376,120480,2005-10-05 12:08:01 +36,FPS3,46505333
TO7NPC,/NAM20.NPC,114270208,118184,2005-10-12 20:31:36 +36,FPS3,46505333
TO7NPC,/NAM21.NPC,114388992,117992,2005-10-12 20:31:36 +36,FPS3,46505333
TO7NPC,/NAM30.NPC,114507776,122972,2005-10-12 20:31:36 +36,FPS3,46505333
TO7NPC,/NAM31.NPC,114632704,123080,2005-10-12 20:31:36 +36,FPS3,46505333
TO7NPC,/NAM40.NPC,114757632,119248,2005-10-12 20:31:37 +36,FPS3,46505333
TO7NPC,/NAM41.NPC,114878464,121168,2005-10-12 20:31:37 +36,FPS3,46505333
TO7NPC,/NAM50.NPC,115001344,113668,2005-10-12 20:31:37 +36,FPS3,46505333
TO7NPC,/NAM51.NPC,115116032,117108,2005-10-12 20:31:37 +36,FPS3,46505333
TO7NPC,/NAT00.NPC,115234816,265296,2005-10-21 15:53:08 +36,FPS3,46505333
TO7NPC,/NAT00_H.NPC,115501056,314972,2005-10-21 15:53:08 +36,FPS3,46505333
TO7NPC,/NAT01.NPC,115816448,252608,2005-10-05 12:08:02 +36,FPS3,46505333
TO7NPC,/NAT01_H.NPC,116070400,307008,2005-10-05 12:08:02 +36,FPS3,46505333
TO7NPC,/NAT02.NPC,116377600,252528,2005-10-21 15:53:08 +36,FPS3,46505333
TO7NPC,/NAT02_H.NPC,116631552,302376,2005-10-21 15:53:09 +36,FPS3,46505333
TO7NPC,/NAT03.NPC,116934656,261920,2005-10-21 15:53:09 +36,FPS3,46505333
TO7NPC,/NAT03_H.NPC,117196800,311996,2005-10-21 15:53:09 +36,FPS3,46505333
TO7NPC,/NAT04.NPC,117510144,272936,2005-10-21 15:53:09 +36,FPS3,46505333
TO7NPC,/NAT04_H.NPC,117784576,322420,2005-10-21 15:53:09 +36,FPS3,46505333
TO7NPC,/NAT05.NPC,118108160,265240,2005-10-21 15:53:09 +36,FPS3,46505333
TO7NPC,/NAT05_H.NPC,118374400,315372,2005-10-21 15:53:09 +36,FPS3,46505333
TO7NPC,/NAT08.NPC,118689792,218192,2005-10-21 15:53:10 +36,FPS3,46505333
TO7NPC,/NAT08_H.NPC,118908928,251668,2005-10-21 15:53:10 +36,FPS3,46505333
TO7NPC,/NAT09.NPC,119160832,266184,2005-10-21 15:53:10 +36,FPS3,46505333
TO7NPC,/NAT09_H.NPC,119427072,317244,2005-10-21 15:53:10 +36,FPS3,46505333
TO7NPC,/NAT_EX.PKD,119744512,76732,2005-10-24 10:23:25 +36,FPS3,46505333
TO7NPC,/NEB00.NPC,119822336,174976,2005-10-13 12:11:39 +36,FPS3,46505333
TO7NPC,/NEK00.NPC,119998464,116276,2005-10-12 20:43:21 +36,FPS3,46505333
TO7NPC,/NEK01.NPC,120115200,107780,2005-10-12 20:43:22 +36,FPS3,46505333
TO7NPC,/NEK02.NPC,120223744,114212,2005-10-12 20:43:22 +36,FPS3,46505333
TO7NPC,/NOL00.NPC,120338432,134424,2005-10-13 12:11:39 +36,FPS3,46505333
TO7NPC,/NOL00_WEA00_B.KKD,120473600,6996,2005-10-05 12:08:03 +36,FPS3,46505333
TO7NPC,/OBJ_ANI_CUP00.NPC,120481792,12516,2005-10-05 12:08:03 +36,FPS3,46505333
TO7NPC,/OBJ_ANS_LETTER00.NPC,120496128,20104,2005-10-05 12:08:03 +36,FPS3,46505333
TO7NPC,/OBJ_ANS_LETTER01.NPC,120516608,8536,2005-10-05 12:08:03 +36,FPS3,46505333
TO7NPC,/OBJ_APPLE.NPC,120526848,5188,2005-10-05 12:08:03 +36,FPS3,46505333
TO7NPC,/OBJ_AUBE.NPC,120532992,62608,2005-10-05 12:08:03 +36,FPS3,46505333
TO7NPC,/OBJ_BAGGAGE.NPC,120596480,81516,2005-10-05 12:08:03 +36,FPS3,46505333
TO7NPC,/OBJ_BAINDER00.NPC,120678400,8636,2005-10-05 12:08:03 +36,FPS3,46505333
TO7NPC,/OBJ_BAINDER2.NPC,120688640,11460,2005-10-05 12:08:03 +36,FPS3,46505333
TO7NPC,/OBJ_BAKETU00.NPC,120700928,17644,2005-10-05 12:08:03 +36,FPS3,46505333
TO7NPC,/OBJ_BOOK01.NPC,120719360,90104,2005-10-05 12:08:03 +36,FPS3,46505333
TO7NPC,/OBJ_COOK.NPC,120809472,6328,2005-10-04 10:31:41 +36,FPS3,46505333
TO7NPC,/OBJ_COOK01.NPC,120817664,12000,2005-10-04 11:02:18 +36,FPS3,46505333
TO7NPC,/OBJ_FLAMETHROWER.NPC,120829952,73704,2005-10-05 12:08:03 +36,FPS3,46505333
TO7NPC,/OBJ_FLIGHTSTONE.NPC,120903680,120764,2005-10-05 12:08:03 +36,FPS3,46505333
TO7NPC,/OBJ_FLOATER.NPC,121024512,19712,2005-10-05 12:08:03 +36,FPS3,46505333
TO7NPC,/OBJ_FUSEKI01.NPC,121044992,10668,2005-10-05 12:08:03 +36,FPS3,46505333
TO7NPC,/OBJ_FUSEKI02.NPC,121057280,18696,2005-10-05 12:08:03 +36,FPS3,46505333
TO7NPC,/OBJ_GANGWAY.NPC,121077760,26068,2005-10-05 12:08:03 +36,FPS3,46505333
TO7NPC,/OBJ_GLASS01.NPC,121104384,20944,2005-09-30 14:28:00 +36,FPS3,46505333
TO7NPC,/OBJ_GUY_WEP00.NPC,121126912,13944,2005-10-05 12:08:03 +36,FPS3,46505333
TO7NPC,/OBJ_KAYAKUBAKO_BAKUHA.NPC,121141248,30460,2005-09-09 17:43:47 +36,FPS3,46505333
TO7NPC,/OBJ_LAUNCHER.NPC,121171968,26732,2005-10-05 12:08:03 +36,FPS3,46505333
TO7NPC,/OBJ_LAUNCHER_TOP.NPC,121200640,13804,2005-10-05 12:08:03 +36,FPS3,46505333
TO7NPC,/OBJ_LUK_SAIHU00.NPC,121214976,8620,2005-10-05 12:08:03 +36,FPS3,46505333
TO7NPC,/OBJ_LUK_SAYA00.NPC,121225216,11760,2005-10-05 12:08:03 +36,FPS3,46505333
TO7NPC,/OBJ_MIR_KOUSEKI.NPC,121237504,24336,2005-09-30 13:00:53 +36,FPS3,46505333
TO7NPC,/OBJ_ONI.NPC,121262080,11932,2005-09-28 12:03:28 +36,FPS3,46505333
TO7NPC,/OBJ_PASSCARD00.NPC,121274368,8652,2005-10-05 12:08:03 +36,FPS3,46505333
TO7NPC,/OBJ_PASSCARD_SET.NPC,121284608,12220,2005-10-05 12:08:03 +36,FPS3,46505333
TO7NPC,/OBJ_PENDANT.NPC,121296896,26756,2005-10-05 16:36:56 +36,FPS3,46505333
TO7NPC,/OBJ_PENDANT_KIRARI.NPC,121325568,4300,2005-09-24 11:55:17 +36,FPS3,46505333
TO7NPC,/OBJ_PIG.NPC,121331712,58824,2005-09-28 15:47:47 +36,FPS3,46505333
TO7NPC,/OBJ_PIG_RED.NPC,121391104,62548,2005-09-28 15:47:38 +36,FPS3,46505333
TO7NPC,/OBJ_POISON_WINE.NPC,121454592,11968,2005-10-06 14:16:27 +36,FPS3,46505333
TO7NPC,/OBJ_PROPELLER.NPC,121466880,140948,2005-10-05 12:08:03 +36,FPS3,46505333
TO7NPC,/OBJ_SAI_KYOKASYO00.NPC,121608192,19992,2005-10-05 12:08:03 +36,FPS3,46505333
TO7NPC,/OBJ_SAVEPOINT.NPC,121628672,60604,2005-10-05 12:08:03 +36,FPS3,46505333
TO7NPC,/OBJ_SAVE_PLUS.NPC,121690112,6656,2005-10-13 10:46:26 +36,FPS3,46505333
TO7NPC,/OBJ_SCOREBOARD.NPC,121698304,49420,2005-10-05 12:08:03 +36,FPS3,46505333
TO7NPC,/OBJ_SHIP01.NPC,121749504,300240,2005-10-05 12:08:04 +36,FPS3,46505333
TO7NPC,/OBJ_SIGN_PAPER.NPC,122050560,10044,2005-10-05 12:08:04 +36,FPS3,46505333
TO7NPC,/OBJ_SORCERERRING.NPC,122060800,7724,2005-10-05 12:08:04 +36,FPS3,46505333
TO7NPC,/OBJ_TARU00.NPC,122068992,27660,2005-10-12 20:43:31 +36,FPS3,46505333
TO7NPC,/OBJ_TEARSTONE.NPC,122097664,24336,2005-10-05 12:08:04 +36,FPS3,46505333
TO7NPC,/OBJ_TEA_PENDANT00.NPC,122122240,13156,2005-10-05 12:08:04 +36,FPS3,46505333
TO7NPC,/OBJ_TEA_WEP00.NPC,122136576,7176,2005-10-05 12:08:04 +36,FPS3,46505333
TO7NPC,/OBJ_T_LETTER.NPC,122144768,13308,2005-10-05 12:08:04 +36,FPS3,46505333
TO7NPC,/ONI00.NPC,122159104,131632,2005-10-13 12:11:40 +36,FPS3,46505333
TO7NPC,/ORG00.NPC,122292224,115752,2005-10-12 20:31:37 +36,FPS3,46505333
TO7NPC,/ORG01.NPC,122408960,115208,2005-10-12 20:31:38 +36,FPS3,46505333
TO7NPC,/ORG02.NPC,122525696,121084,2005-10-12 20:31:38 +36,FPS3,46505333
TO7NPC,/ORG03.NPC,122648576,118876,2005-10-12 20:31:38 +36,FPS3,46505333
TO7NPC,/ORG04.NPC,122769408,116492,2005-10-12 20:31:38 +36,FPS3,46505333
TO7NPC,/ORG05.NPC,122886144,118700,2005-10-12 20:31:38 +36,FPS3,46505333
TO7NPC,/ORG10.NPC,123004928,118044,2005-10-12 20:31:39 +36,FPS3,46505333
TO7NPC,/ORG11.NPC,123123712,10612,2005-10-12 20:31:39 +36,FPS3,46505333
TO7NPC,/ORG12.NPC,123136000,119148,2005-10-12 20:31:39 +36,FPS3,46505333
TO7NPC,/ORG20.NPC,123256832,114976,2005-10-12 20:31:39 +36,FPS3,46505333
TO7NPC,/ORG21.NPC,123373568,114896,2005-10-12 20:31:39 +36,FPS3,46505333
TO7NPC,/ORG22.NPC,123490304,120148,2005-10-12 20:31:39 +36,FPS3,46505333
TO7NPC,/ORG24.NPC,123611136,122324,2005-10-12 20:31:40 +36,FPS3,46505333
TO7NPC,/ORG30.NPC,123734016,120312,2005-10-12 20:31:40 +36,FPS3,46505333
TO7NPC,/ORG31.NPC,123854848,122624,2005-10-12 20:31:40 +36,FPS3,46505333
TO7NPC,/ORG32.NPC,123977728,122672,2005-10-12 20:31:40 +36,FPS3,46505333
TO7NPC,/ORG40.NPC,124100608,115032,2005-10-12 20:31:40 +36,FPS3,46505333
TO7NPC,/ORG41.NPC,124217344,114232,2005-10-12 20:31:41 +36,FPS3,46505333
TO7NPC,/ORG42.NPC,124332032,119796,2005-10-12 20:31:41 +36,FPS3,46505333
TO7NPC,/ORG43.NPC,124452864,117748,2005-10-12 20:31:41 +36,FPS3,46505333
TO7NPC,/ORG44.NPC,124571648,115492,2005-10-12 20:31:41 +36,FPS3,46505333
TO7NPC,/ORG45.NPC,124688384,117620,2005-10-12 20:31:41 +36,FPS3,46505333
TO7NPC,/ORG50.NPC,124807168,117060,2005-10-12 20:31:42 +36,FPS3,46505333
TO7NPC,/ORG51.NPC,124925952,117236,2005-10-12 20:31:42 +36,FPS3,46505333
TO7NPC,/ORG52.NPC,125044736,117588,2005-10-12 20:31:42 +36,FPS3,46505333
TO7NPC,/ORG60.NPC,125163520,115072,2005-10-12 20:31:42 +36,FPS3,46505333
TO7NPC,/ORG61.NPC,125280256,114816,2005-10-12 20:31:42 +36,FPS3,46505333
TO7NPC,/ORG62.NPC,125396992,119100,2005-10-12 20:31:43 +36,FPS3,46505333
TO7NPC,/ORG64.NPC,125517824,121324,2005-10-12 20:31:43 +36,FPS3,46505333
TO7NPC,/ORG70.NPC,125640704,112936,2005-10-12 20:31:43 +36,FPS3,46505333
TO7NPC,/ORG71.NPC,125755392,115304,2005-10-12 20:31:43 +36,FPS3,46505333
TO7NPC,/ORG72.NPC,125872128,115416,2005-10-12 20:31:43 +36,FPS3,46505333
TO7NPC,/ORG90.NPC,125988864,139764,2005-10-13 12:11:40 +36,FPS3,46505333
TO7NPC,/ORG91.NPC,126130176,143736,2005-10-20 10:12:12 +36,FPS3,46505333
TO7NPC,/ORG92.NPC,126275584,143144,2005-10-12 20:31:44 +36,FPS3,46505333
TO7NPC,/ORG93.NPC,126418944,136516,2005-10-12 20:31:44 +36,FPS3,46505333
TO7NPC,/PIN00.NPC,126556160,135176,2005-10-12 20:43:23 +36,FPS3,46505333
TO7NPC,/PIO00.NPC,126693376,133044,2005-10-13 12:11:40 +36,FPS3,46505333
TO7NPC,/PLA000.NPC,126826496,70980,2005-10-12 20:44:07 +36,FPS3,46505333
TO7NPC,/PLA001.NPC,126898176,43980,2005-10-12 20:44:07 +36,FPS3,46505333
TO7NPC,/PLA002.NPC,126943232,54284,2005-10-12 20:44:07 +36,FPS3,46505333
TO7NPC,/PLA003.NPC,126998528,139808,2005-10-12 20:44:07 +36,FPS3,46505333
TO7NPC,/PLA010.NPC,127139840,91780,2005-10-12 20:44:08 +36,FPS3,46505333
TO7NPC,/PLA011.NPC,127232000,112596,2005-10-12 20:44:08 +36,FPS3,46505333
TO7NPC,/PLA012.NPC,127344640,104868,2005-10-12 20:44:08 +36,FPS3,46505333
TO7NPC,/PLA013.NPC,127451136,110920,2005-10-12 20:44:08 +36,FPS3,46505333
TO7NPC,/PLA020.NPC,127563776,220920,2005-10-12 20:44:08 +36,FPS3,46505333
TO7NPC,/PLA021.NPC,127784960,239952,2005-09-02 21:29:30 +36,FPS3,46505333
TO7NPC,/PLA022.NPC,128026624,237664,2005-09-28 18:51:48 +36,FPS3,46505333
TO7NPC,/PLA023.NPC,128266240,229072,2005-09-28 18:52:11 +36,FPS3,46505333
TO7NPC,/PLA030.NPC,128495616,75192,2005-10-12 20:44:09 +36,FPS3,46505333
TO7NPC,/PLA031.NPC,128571392,75192,2005-09-06 16:38:21 +36,FPS3,46505333
TO7NPC,/PLA032.NPC,128647168,75192,2005-09-06 16:38:24 +36,FPS3,46505333
TO7NPC,/PLA033.NPC,128722944,78392,2005-09-06 16:38:26 +36,FPS3,46505333
TO7NPC,/PLA034.NPC,128802816,78392,2005-09-06 16:38:29 +36,FPS3,46505333
TO7NPC,/PLA035.NPC,128882688,79512,2005-09-06 16:38:32 +36,FPS3,46505333
TO7NPC,/PLA036.NPC,128962560,79512,2005-09-06 16:38:34 +36,FPS3,46505333
TO7NPC,/PLA037.NPC,129042432,79512,2005-09-06 16:38:37 +36,FPS3,46505333
TO7NPC,/PRE_NULL.NPC,129122304,2444,2005-10-11 10:25:48 +36,FPS3,46505333
TO7NPC,/RAILTEST.RCP,129126400,1408,2005-10-05 12:08:06 +36,RCP!,52435021
TO7NPC,/REP00.NPC,129128448,124152,2005-10-13 12:11:40 +36,FPS3,46505333
TO7NPC,/REP01.NPC,129253376,118724,2005-10-13 12:11:40 +36,FPS3,46505333
TO7NPC,/REP02.NPC,129372160,124440,2005-10-13 12:11:40 +36,FPS3,46505333
TO7NPC,/REP10.NPC,129497088,124040,2005-10-13 12:11:40 +36,FPS3,46505333
TO7NPC,/REP11.NPC,129622016,120772,2005-10-13 12:11:40 +36,FPS3,46505333
TO7NPC,/REP12.NPC,129742848,122088,2005-10-13 12:11:40 +36,FPS3,46505333
TO7NPC,/REP20.NPC,129865728,122872,2005-10-13 12:11:40 +36,FPS3,46505333
TO7NPC,/REP21.NPC,129988608,121548,2005-10-13 12:11:40 +36,FPS3,46505333
TO7NPC,/REP30.NPC,130111488,115464,2005-10-13 12:11:40 +36,FPS3,46505333
TO7NPC,/REP40.NPC,130228224,127924,2005-10-13 12:11:40 +36,FPS3,46505333
TO7NPC,/REP41.NPC,130357248,119516,2005-10-13 12:11:40 +36,FPS3,46505333
TO7NPC,/REP50.NPC,130478080,119684,2005-10-13 12:11:40 +36,FPS3,46505333
TO7NPC,/REP60.NPC,130598912,131608,2005-10-28 14:42:24 +36,FPS3,46505333
TO7NPC,/REP61.NPC,130732032,121792,2005-10-28 14:42:24 +36,FPS3,46505333
TO7NPC,/REP62.NPC,130854912,134136,2005-11-06 23:17:24 +36,FPS3,46505333
TO7NPC,/REP63.NPC,130990080,222424,2005-10-12 20:43:31 +36,FPS3,46505333
TO7NPC,/REP64.NPC,131213312,215392,2005-10-05 12:08:07 +36,FPS3,46505333
TO7NPC,/ROS00.NPC,131430400,143340,2005-10-12 20:43:24 +36,FPS3,46505333
TO7NPC,/SNO00.NPC,131573760,116024,2005-10-12 20:31:44 +36,FPS3,46505333
TO7NPC,/SNO01.NPC,131690496,115864,2005-10-12 20:31:44 +36,FPS3,46505333
TO7NPC,/SNO02.NPC,131807232,121720,2005-10-12 20:31:45 +36,FPS3,46505333
TO7NPC,/SNO03.NPC,131930112,122664,2005-10-12 20:31:45 +36,FPS3,46505333
TO7NPC,/SNO04.NPC,132052992,130212,2005-10-12 20:31:45 +36,FPS3,46505333
TO7NPC,/SNO06.NPC,132184064,132052,2005-10-12 20:31:45 +36,FPS3,46505333
TO7NPC,/SNO07.NPC,132317184,131864,2005-10-12 20:31:45 +36,FPS3,46505333
TO7NPC,/SNO09.NPC,132450304,127524,2005-10-12 20:31:46 +36,FPS3,46505333
TO7NPC,/SNO10.NPC,132579328,125188,2005-10-12 20:31:46 +36,FPS3,46505333
TO7NPC,/SNO11.NPC,132706304,121408,2005-10-12 20:31:46 +36,FPS3,46505333
TO7NPC,/SNO11_WEA00_L.KKD,132829184,5648,2005-10-05 12:08:08 +36,FPS3,46505333
TO7NPC,/SNO11_WEA00_R.KKD,132835328,4076,2005-10-05 12:08:08 +36,FPS3,46505333
TO7NPC,/SNO12.NPC,132839424,124536,2005-10-12 20:31:46 +36,FPS3,46505333
TO7NPC,/SNO13.NPC,132964352,123588,2005-10-12 20:31:46 +36,FPS3,46505333
TO7NPC,/SNO13_WEA00_R.KKD,133089280,3696,2005-10-05 12:08:08 +36,FPS3,46505333
TO7NPC,/SNO14.NPC,133093376,123428,2005-10-12 20:31:46 +36,FPS3,46505333
TO7NPC,/SNO15.NPC,133218304,123396,2005-10-12 20:31:47 +36,FPS3,46505333
TO7NPC,/SNO17.NPC,133343232,123396,2005-10-12 20:31:47 +36,FPS3,46505333
TO7NPC,/SNO18.NPC,133468160,119844,2005-10-12 20:31:47 +36,FPS3,46505333
TO7NPC,/SNO18_WEA00_L.KKD,133588992,4064,2005-10-05 12:08:08 +36,FPS3,46505333
TO7NPC,/SNO18_WEA00_R.KKD,133593088,3624,2005-10-05 12:08:08 +36,FPS3,46505333
TO7NPC,/SNO18_WEA00_R.NPC,133597184,4416,2005-10-05 12:08:08 +36,FPS2,46505332
TO7NPC,/SNO20.NPC,133603328,119844,2005-10-12 20:31:47 +36,FPS3,46505333
TO7NPC,/SNO23.NPC,133724160,121828,2005-10-12 20:31:48 +36,FPS3,46505333
TO7NPC,/SNO24.NPC,133847040,129204,2005-10-12 20:31:48 +36,FPS3,46505333
TO7NPC,/SNO25.NPC,133978112,123540,2005-10-12 20:31:48 +36,FPS3,46505333
TO7NPC,/SNO26.NPC,134103040,113996,2005-10-12 20:31:48 +36,FPS3,46505333
TO7NPC,/SNO35.NPC,134217728,125752,2005-10-12 20:31:48 +36,FPS3,46505333
TO7NPC,/SNO36.NPC,134344704,123080,2005-10-12 20:31:49 +36,FPS3,46505333
TO7NPC,/SNO37.NPC,134469632,128748,2005-10-12 20:31:49 +36,FPS3,46505333
TO7NPC,/SNO38.NPC,134598656,127324,2005-10-12 20:31:49 +36,FPS3,46505333
TO7NPC,/SNO39.NPC,134727680,129372,2005-10-12 20:31:49 +36,FPS3,46505333
TO7NPC,/SNO41.NPC,134858752,126132,2005-10-12 20:31:50 +36,FPS3,46505333
TO7NPC,/SNO42.NPC,134985728,125844,2005-10-12 20:31:50 +36,FPS3,46505333
TO7NPC,/SNO43.NPC,135112704,122580,2005-10-12 20:31:50 +36,FPS3,46505333
TO7NPC,/SNO44.NPC,135235584,123428,2005-10-12 20:31:50 +36,FPS3,46505333
TO7NPC,/SNO45.NPC,135360512,125284,2005-10-12 20:31:50 +36,FPS3,46505333
TO7NPC,/SNO46.NPC,135487488,117100,2005-10-12 20:31:50 +36,FPS3,46505333
TO7NPC,/SNO47.NPC,135606272,125556,2005-10-12 20:31:51 +36,FPS3,46505333
TO7NPC,/SNO48.NPC,135733248,124148,2005-10-12 20:31:51 +36,FPS3,46505333
TO7NPC,/SNO53.NPC,135858176,125220,2005-10-12 20:31:51 +36,FPS3,46505333
TO7NPC,/SNO54.NPC,135985152,126148,2005-10-12 20:31:51 +36,FPS3,46505333
TO7NPC,/SNO55.NPC,136112128,120324,2005-10-12 20:31:52 +36,FPS3,46505333
TO7NPC,/SNO60.NPC,136232960,128700,2005-10-05 12:08:09 +36,FPS3,46505333
TO7NPC,/SNO61.NPC,136361984,121756,2005-10-12 20:31:52 +36,FPS3,46505333
TO7NPC,/SNO62.NPC,136484864,128348,2005-10-12 20:31:52 +36,FPS3,46505333
TO7NPC,/SNO63.NPC,136613888,120844,2005-10-12 20:31:52 +36,FPS3,46505333
TO7NPC,/SNO63_WEA00_R.KKD,136736768,7560,2005-10-05 12:08:09 +36,FPS3,46505333
TO7NPC,/SNO70.NPC,136744960,140536,2005-10-13 12:11:41 +36,FPS3,46505333
TO7NPC,/SNO71.NPC,136886272,140056,2005-10-13 12:11:41 +36,FPS3,46505333
TO7NPC,/SNO72.NPC,137027584,158928,2005-10-13 12:11:41 +36,FPS3,46505333
TO7NPC,/SPI000.NPC,137187328,121736,2005-10-12 20:44:09 +36,FPS3,46505333
TO7NPC,/SPI002.NPC,137310208,151724,2005-10-12 20:44:09 +36,FPS3,46505333
TO7NPC,/SPI003.NPC,137463808,56316,2005-10-14 03:38:59 +36,FPS3,46505333
TO7NPC,/SPI004.NPC,137521152,51984,2005-10-12 20:44:09 +36,FPS3,46505333
TO7NPC,/SPI010.NPC,137574400,134460,2005-10-12 20:44:10 +36,FPS3,46505333
TO7NPC,/SPI011.NPC,137709568,128248,2005-10-12 20:44:10 +36,FPS3,46505333
TO7NPC,/SPI012.NPC,137838592,152644,2005-10-05 12:08:09 +36,FPS3,46505333
TO7NPC,/SPI013.NPC,137992192,95376,2005-09-01 12:58:15 +36,FPS3,46505333
TO7NPC,/SPI014.NPC,138088448,201804,2005-09-16 18:48:00 +36,FPS3,46505333
TO7NPC,/SPI020.NPC,138291200,125852,2005-10-12 20:44:10 +36,FPS3,46505333
TO7NPC,/SPI021.NPC,138418176,145644,2005-10-12 20:44:10 +36,FPS3,46505333
TO7NPC,/SPI022.NPC,138565632,145308,2005-10-12 20:44:10 +36,FPS3,46505333
TO7NPC,/SPI030.NPC,138711040,88220,2005-10-12 20:44:11 +36,FPS3,46505333
TO7NPC,/SPI031.NPC,138801152,86812,2005-10-12 20:44:11 +36,FPS3,46505333
TO7NPC,/SPI032.NPC,138889216,86812,2005-10-12 20:44:11 +36,FPS3,46505333
TO7NPC,/SPI033.NPC,138977280,95064,2005-10-12 20:44:11 +36,FPS3,46505333
TO7NPC,/SWD000.NPC,139073536,18400,2005-10-06 22:29:48 +36,FPS3,46505333
TO7NPC,/SWD001.NPC,139091968,24768,2005-10-17 12:01:25 +36,FPS3,46505333
TO7NPC,/SWD002.NPC,139118592,23984,2005-10-17 12:01:25 +36,FPS3,46505333
TO7NPC,/TEA00.NPC,139143168,212600,2005-10-21 12:07:04 +36,FPS3,46505333
TO7NPC,/TEA00_H.NPC,139356160,264192,2005-10-21 12:07:04 +36,FPS3,46505333
TO7NPC,/TEA00_L_4162.KKD,139620352,6876,2005-10-05 12:08:10 +36,FPS3,46505333
TO7NPC,/TEA01.NPC,139628544,200688,2005-10-05 12:08:10 +36,FPS3,46505333
TO7NPC,/TEA01_H.NPC,139829248,254708,2005-10-05 12:08:10 +36,FPS3,46505333
TO7NPC,/TEA02.NPC,140085248,199608,2005-10-21 12:07:05 +36,FPS3,46505333
TO7NPC,/TEA02_H.NPC,140285952,249100,2005-10-21 12:07:05 +36,FPS3,46505333
TO7NPC,/TEA03.NPC,140535808,196672,2005-10-21 12:07:05 +36,FPS3,46505333
TO7NPC,/TEA03_H.NPC,140734464,244336,2005-10-21 12:07:05 +36,FPS3,46505333
TO7NPC,/TEA04.NPC,140980224,205912,2005-10-21 12:07:05 +36,FPS3,46505333
TO7NPC,/TEA04_H.NPC,141187072,251524,2005-10-21 12:07:05 +36,FPS3,46505333
TO7NPC,/TEA05.NPC,141438976,197356,2005-10-21 12:07:05 +36,FPS3,46505333
TO7NPC,/TEA05_H.NPC,141637632,244772,2005-10-21 12:07:06 +36,FPS3,46505333
TO7NPC,/TEA08.NPC,141883392,191440,2005-10-21 12:07:06 +36,FPS3,46505333
TO7NPC,/TEA08_H.NPC,142075904,221424,2005-10-21 12:07:06 +36,FPS3,46505333
TO7NPC,/TEA09.NPC,142299136,288796,2005-10-21 12:07:06 +36,FPS3,46505333
TO7NPC,/TEA09_H.NPC,142589952,299692,2005-10-21 12:07:06 +36,FPS3,46505333
TO7NPC,/TEA10.NPC,142891008,288796,2005-10-21 12:07:07 +36,FPS3,46505333
TO7NPC,/TEA10_H.NPC,143181824,299692,2005-10-21 12:07:07 +36,FPS3,46505333
TO7NPC,/TEA_EX.PKD,143482880,90752,2005-10-24 10:23:37 +36,FPS3,46505333
TO7NPC,/TESTPERSON.NPC,143575040,9664,2005-10-05 12:08:11 +36,FPS3,46505333
TO7NPC,/TOL00.NPC,143585280,134412,2005-10-13 12:11:41 +36,FPS3,46505333
TO7NPC,/TST000.NPC,143720448,42108,2005-10-12 20:43:31 +36,FPS3,46505333
TO7NPC,/TV_AJI.NPC,143763456,48764,2005-10-05 12:08:11 +36,FPS3,46505333
TO7NPC,/TV_ANI.NPC,143812608,46664,2005-10-05 12:08:11 +36,FPS3,46505333
TO7NPC,/TV_CAP.NPC,143859712,46636,2005-10-05 12:08:11 +36,FPS3,46505333
TO7NPC,/TV_CAS.NPC,143906816,40488,2005-10-05 12:08:11 +36,FPS3,46505333
TO7NPC,/TV_CHD.NPC,143947776,48708,2005-10-05 12:08:11 +36,FPS3,46505333
TO7NPC,/TV_CHU.NPC,143996928,48592,2005-10-25 14:32:33 +36,FPS3,46505333
TO7NPC,/TV_COK.NPC,144046080,48680,2005-10-05 12:08:11 +36,FPS3,46505333
TO7NPC,/TV_CPO.NPC,144095232,38412,2005-10-05 12:08:11 +36,FPS3,46505333
TO7NPC,/TV_DIS.NPC,144134144,46600,2005-10-24 14:34:48 +36,FPS3,46505333
TO7NPC,/TV_EXE.NPC,144181248,48736,2005-10-05 12:08:11 +36,FPS3,46505333
TO7NPC,/TV_FIR.NPC,144230400,48708,2005-10-05 12:08:11 +36,FPS3,46505333
TO7NPC,/TV_FON.NPC,144279552,48708,2005-10-05 12:08:11 +36,FPS3,46505333
TO7NPC,/TV_FOR.NPC,144328704,46600,2005-10-05 12:08:11 +36,FPS3,46505333
TO7NPC,/TV_FPO.NPC,144375808,48764,2005-10-05 12:08:11 +36,FPS3,46505333
TO7NPC,/TV_GLE.NPC,144424960,40488,2005-10-05 12:08:11 +36,FPS3,46505333
TO7NPC,/TV_GRA.NPC,144465920,48708,2005-10-05 12:08:11 +36,FPS3,46505333
TO7NPC,/TV_HEV.NPC,144515072,40460,2005-10-05 12:08:11 +36,FPS3,46505333
TO7NPC,/TV_ICE.NPC,144556032,46660,2005-11-07 18:24:57 +36,FPS3,46505333
TO7NPC,/TV_KIN.NPC,144603136,48708,2005-10-05 12:08:11 +36,FPS3,46505333
TO7NPC,/TV_LAS.NPC,144652288,54820,2005-10-05 12:08:11 +36,FPS3,46505333
TO7NPC,/TV_MEI.NPC,144707584,46600,2005-10-05 12:08:11 +36,FPS3,46505333
TO7NPC,/TV_MEP.NPC,144754688,48708,2005-10-05 12:08:11 +36,FPS3,46505333
TO7NPC,/TV_MIN.NPC,144803840,46692,2005-10-05 12:08:11 +36,FPS3,46505333
TO7NPC,/TV_MIR.NPC,144850944,48708,2005-10-05 12:08:11 +36,FPS3,46505333
TO7NPC,/TV_MOU.NPC,144900096,38384,2005-10-05 12:08:11 +36,FPS3,46505333
TO7NPC,/TV_MYU.NPC,144939008,48708,2005-10-05 12:08:11 +36,FPS3,46505333
TO7NPC,/TV_NAM.NPC,144988160,46636,2005-10-05 12:08:11 +36,FPS3,46505333
TO7NPC,/TV_NEV.NPC,145035264,48708,2005-10-05 12:08:12 +36,FPS3,46505333
TO7NPC,/TV_NOR.NPC,145084416,48764,2005-10-05 12:08:12 +36,FPS3,46505333
TO7NPC,/TV_OAS.NPC,145133568,48800,2005-11-08 10:58:32 +36,FPS3,46505333
TO7NPC,/TV_ORG.NPC,145182720,46600,2005-11-07 18:08:15 +36,FPS3,46505333
TO7NPC,/TV_ORP.NPC,145229824,48772,2005-10-05 12:08:12 +36,FPS3,46505333
TO7NPC,/TV_RIV.NPC,145278976,40516,2005-10-05 12:08:12 +36,FPS3,46505333
TO7NPC,/TV_SAI.NPC,145319936,54884,2005-10-05 12:08:12 +36,FPS3,46505333
TO7NPC,/TV_SAN.NPC,145375232,38412,2005-10-05 12:08:12 +36,FPS3,46505333
TO7NPC,/TV_SCO.NPC,145414144,52860,2005-10-05 12:08:12 +36,FPS3,46505333
TO7NPC,/TV_SEA.NPC,145467392,52916,2005-11-08 12:39:45 +36,FPS3,46505333
TO7NPC,/TV_SEB.NPC,145520640,46600,2005-10-05 12:08:12 +36,FPS3,46505333
TO7NPC,/TV_SHI.NPC,145567744,48792,2005-10-05 12:08:12 +36,FPS3,46505333
TO7NPC,/TV_SNO.NPC,145616896,54884,2005-10-05 12:08:12 +36,FPS3,46505333
TO7NPC,/TV_SNP.NPC,145672192,48736,2005-10-05 12:08:12 +36,FPS3,46505333
TO7NPC,/TV_SOU.NPC,145721344,48764,2005-10-05 12:08:12 +36,FPS3,46505333
TO7NPC,/TV_SPW.NPC,145770496,52832,2005-10-05 12:08:12 +36,FPS3,46505333
TO7NPC,/TV_TUN.NPC,145823744,48848,2005-10-05 12:08:12 +36,FPS3,46505333
TO7NPC,/TV_WAT.NPC,145872896,54820,2005-10-05 12:08:12 +36,FPS3,46505333
TO7NPC,/TV_WET.NPC,145928192,48708,2005-10-05 12:08:12 +36,FPS3,46505333
TO7NPC,/TV_XXX.NPC,145977344,52888,2005-11-08 15:29:15 +36,FPS3,46505333
TO7NPC,/TV_YUR.NPC,146030592,54820,2005-10-05 12:08:12 +36,FPS3,46505333
TO7NPC,/T_OBJ_WAG02.NPC,146085888,380340,2005-10-05 12:08:10 +36,FPS3,46505333
TO7NPC,/UMA00.NPC,146466816,633476,2005-10-14 12:34:06 +36,FPS3,46505333
TO7NPC,/USI00.NPC,147101696,130392,2005-10-12 20:43:25 +36,FPS3,46505333
TO7NPC,/USI01.NPC,147232768,131160,2005-09-03 18:38:28 +36,FPS3,46505333
TO7NPC,/USI02.NPC,147365888,130248,2005-09-09 18:55:45 +36,FPS3,46505333
TO7NPC,/VAN00.NPC,147496960,192664,2005-10-05 12:08:12 +36,FPS3,46505333
TO7NPC,/VAN00_4163.KKD,147691520,16232,2005-10-05 12:08:12 +36,FPS3,46505333
TO7NPC,/VAN00_H.NPC,147707904,331588,2005-10-12 20:43:25 +36,FPS3,46505333
TO7NPC,/VAN01.NPC,148039680,43008,2005-10-05 12:08:12 +36,FPS3,46505333
TO7NPC,/VAN01_H.NPC,148082688,445652,2005-10-13 12:11:41 +36,FPS3,46505333
TO7NPC,/VAN02.NPC,148529152,43008,2005-10-05 12:08:12 +36,FPS3,46505333
TO7NPC,/VAN02_H.NPC,148572160,403328,2005-10-13 12:11:41 +36,FPS3,46505333
TO7NPC,/VSSVER.SCC,148975616,16880,2005-11-18 14:38:40 +36,VSSVER.SCC,34120100
TO7NPC,/WAG02.NPC,148994048,385444,2005-10-05 12:08:12 +36,FPS3,46505333
TO7NPC,/WAT00.NPC,149381120,113596,2005-10-12 20:31:52 +36,FPS3,46505333
TO7NPC,/WAT10.NPC,149495808,124104,2005-10-12 20:31:53 +36,FPS3,46505333
TO7NPC,/WAT20.NPC,149620736,122548,2005-10-12 20:31:53 +36,FPS3,46505333
TO7NPC,/WAT21.NPC,149743616,120716,2005-10-12 20:31:53 +36,FPS3,46505333
TO7NPC,/WAT22.NPC,149864448,117764,2005-10-12 20:31:53 +36,FPS3,46505333
TO7NPC,/WAT23.NPC,149983232,114276,2005-10-12 20:31:53 +36,FPS3,46505333
TO7NPC,/WAT24.NPC,150097920,121684,2005-10-12 20:31:54 +36,FPS3,46505333
TO7NPC,/WAT30.NPC,150220800,117972,2005-10-12 20:31:54 +36,FPS3,46505333
TO7NPC,/WAT31.NPC,150339584,116236,2005-10-12 20:31:54 +36,FPS3,46505333
TO7NPC,/WAT32.NPC,150456320,128292,2005-10-12 20:31:54 +36,FPS3,46505333
TO7NPC,/WAT33.NPC,150585344,123396,2005-10-12 20:31:54 +36,FPS3,46505333
TO7NPC,/WAT34.NPC,150710272,121396,2005-10-12 20:31:55 +36,FPS3,46505333
TO7NPC,/WAT40.NPC,150833152,126448,2005-10-12 20:31:55 +36,FPS3,46505333
TO7NPC,/WAT41.NPC,150960128,116780,2005-10-12 20:31:55 +36,FPS3,46505333
TO7NPC,/WAT42.NPC,151078912,119852,2005-10-12 20:31:55 +36,FPS3,46505333
TO7NPC,/WAT50.NPC,151199744,116416,2005-10-12 20:31:55 +36,FPS3,46505333
TO7NPC,/WAT51.NPC,151316480,122128,2005-10-12 20:31:56 +36,FPS3,46505333
TO7NPC,/WAT60.NPC,151439360,116912,2005-10-12 20:31:56 +36,FPS3,46505333
TO7NPC,/WAT61.NPC,151558144,116048,2005-10-12 20:31:56 +36,FPS3,46505333
TO7NPC,/WAT70.NPC,151674880,114584,2005-10-12 20:31:56 +36,FPS3,46505333
TO7NPC,/WAT80.NPC,151789568,115436,2005-10-12 20:31:56 +36,FPS3,46505333
TO7NPC,/WAT81.NPC,151906304,120332,2005-10-12 20:31:57 +36,FPS3,46505333
TO7NPC,/WAT82.NPC,152027136,116652,2005-10-12 20:31:57 +36,FPS3,46505333
TO7NPC,/WAT83.NPC,152143872,115132,2005-10-12 20:31:57 +36,FPS3,46505333
TO7NPC,/WAT90.NPC,152260608,117268,2005-10-05 12:08:14 +36,FPS3,46505333
TO7NPC,/WAT90_4162.KKD,152379392,5712,2005-10-05 12:08:14 +36,FPS3,46505333
TO7NPC,/WAT90_4162.NPC,152385536,6080,2005-10-05 12:08:14 +36,FPS2,46505332
TO7NPC,/WAT90_4163.KKD,152391680,8108,2005-10-05 12:08:14 +36,FPS3,46505333
TO7NPC,/WAT90_4163.NPC,152399872,8448,2005-10-05 12:08:14 +36,FPS2,46505332
TO7NPC,/W_CHAOS.NPC,152410112,21420,2005-10-11 14:17:22 +36,FPS3,46505333
TO7NPC,/W_JAD.NPC,152432640,25752,2005-10-11 13:57:48 +36,FPS3,46505333
TO7NPC,/W_LUK_NEB.NPC,152459264,29336,2005-09-28 15:56:07 +36,FPS3,46505333
TO7NPC,/W_LUK_SEL.NPC,152489984,24700,2005-09-28 16:19:23 +36,FPS3,46505333
TO7NPC,/W_NAT.NPC,152516608,17132,2005-10-11 14:15:28 +36,FPS3,46505333
TO7NPC,/W_UNI.NPC,152535040,23988,2005-10-25 14:32:34 +36,FPS3,46505333
TO7NPC,/W_VAN.NPC,152559616,17648,2005-09-28 15:51:51 +36,FPS3,46505333
TO7NPC,/YUR00.NPC,152578048,117184,2005-10-12 20:31:59 +36,FPS3,46505333
TO7NPC,/YUR01.NPC,152696832,110488,2005-10-12 20:31:59 +36,FPS3,46505333
TO7NPC,/YUR02.NPC,152807424,116608,2005-10-12 20:31:59 +36,FPS3,46505333
TO7NPC,/YUR10.NPC,152924160,106204,2005-10-12 20:31:59 +36,FPS3,46505333
TO7NPC,/YUR11.NPC,153030656,112676,2005-10-12 20:31:59 +36,FPS3,46505333
TO7NPC,/YUR12.NPC,153145344,114356,2005-10-12 20:32:00 +36,FPS3,46505333
TO7NPC,/YUR13.NPC,153260032,112308,2005-10-05 12:08:14 +36,FPS3,46505333
TO7NPC,/YUR20.NPC,153372672,115192,2005-10-12 20:32:00 +36,FPS3,46505333
TO7NPC,/YUR21.NPC,153489408,117672,2005-10-05 12:08:14 +36,FPS3,46505333
TO7NPC,/YUR22.NPC,153608192,115208,2005-10-12 20:32:00 +36,FPS3,46505333
TO7NPC,/YUR23.NPC,153724928,116120,2005-10-12 20:32:00 +36,FPS3,46505333
TO7NPC,/YUR30.NPC,153841664,114220,2005-10-12 20:32:01 +36,FPS3,46505333
TO7NPC,/YUR31.NPC,153956352,109532,2005-10-12 20:32:01 +36,FPS3,46505333
TO7NPC,/YUR32.NPC,154066944,108284,2005-10-12 20:32:01 +36,FPS3,46505333
TO7NPC,/YUR33.NPC,154175488,163476,2005-09-02 12:23:19 +36,FPS3,46505333
TO7NPC,/YUR40.NPC,154339328,117000,2005-10-05 12:08:14 +36,FPS3,46505333
TO7NPC,/YUR41.NPC,154458112,103784,2005-10-12 20:32:01 +36,FPS3,46505333
TO7NPC,/YUR42.NPC,154562560,117208,2005-10-12 20:32:01 +36,FPS3,46505333
TO7NPC,/YUR43.NPC,154681344,103848,2005-10-12 20:32:02 +36,FPS3,46505333
TO7NPC,/YUR50.NPC,154785792,96304,2005-10-05 12:08:15 +36,FPS3,46505333
TO7NPC,/YUR51.NPC,154884096,96304,2005-10-05 12:08:15 +36,FPS3,46505333
TO7NPC,/YUR90.NPC,154982400,127352,2005-10-13 12:11:42 +36,FPS3,46505333
TO7NPC,/ZEE00.NPC,155111424,125256,2005-10-12 20:43:27 +36,FPS3,46505333
TO7NPC,/ZEE00_WEA00_L.KKD,155238400,8388,2005-10-05 12:08:15 +36,FPS3,46505333
TO7NPC,/ZEE00_WEA00_L.NPC,155248640,8768,2005-10-05 12:08:15 +36,FPS2,46505332
TO7EV,/CHT.AFS,55296,318236672,2005-10-26 19:54:54 +36,AFS,41465300
TO7EV,/DB_CHAR_ANS00.PAC,318291968,456464,2005-10-18 10:53:18 +36,PAC!,50414321
TO7EV,/DB_CHAR_LUK00.PAC,318748672,687024,2005-10-18 10:53:18 +36,PAC!,50414321
TO7EV,/DB_CHAR_LUK07.PAC,319436800,662016,2005-10-18 10:53:18 +36,PAC!,50414321
TO7EV,/DB_CHAR_NAT00.PAC,320100352,447760,2005-10-18 10:53:18 +36,PAC!,50414321
TO7EV,/DB_CHAR_TEA00.PAC,320548864,413232,2005-10-18 10:53:18 +36,PAC!,50414321
TO7EV,/DB_EFFECT.TM2,320962560,23776,2005-10-05 12:04:02 +36,TIM2,54494d32
TO7EV,/DB_ENEMY_AMP010.PAC,320987136,72304,2005-10-05 12:04:03 +36,PAC!,50414321
TO7EV,/DB_ENEMY_AMP014.PAC,321060864,78304,2005-10-05 12:04:03 +36,PAC!,50414321
TO7EV,/DB_ENEMY_AMP020.PAC,321140736,230912,2005-10-05 12:04:03 +36,PAC!,50414321
TO7EV,/DB_ENEMY_AMP023.PAC,321372160,289408,2005-10-05 12:04:03 +36,PAC!,50414321
TO7EV,/DB_ENEMY_BST020.PAC,321662976,164160,2005-10-05 12:04:03 +36,PAC!,50414321
TO7EV,/DB_ENEMY_BST027.PAC,321828864,233904,2005-10-05 12:04:03 +36,PAC!,50414321
TO7EV,/DB_ENEMY_BST040.PAC,322064384,741712,2005-10-05 12:04:03 +36,PAC!,50414321
TO7EV,/DB_ENEMY_BST050.PAC,322807808,234976,2005-10-05 12:04:03 +36,PAC!,50414321
TO7EV,/DB_ENEMY_BST053.PAC,323043328,252192,2005-10-05 12:04:03 +36,PAC!,50414321
TO7EV,/DB_ENEMY_ENM010.PAC,323297280,191696,2005-10-05 12:04:03 +36,PAC!,50414321
TO7EV,/DB_ENEMY_ENM012.PAC,323489792,204400,2005-10-05 12:04:03 +36,PAC!,50414321
TO7EV,/DB_ENEMY_ENM060.PAC,323694592,111392,2005-10-05 12:04:03 +36,PAC!,50414321
TO7EV,/DB_ENEMY_ENM063.PAC,323807232,143776,2005-10-05 12:04:04 +36,PAC!,50414321
TO7EV,/DB_ENEMY_ENM070.PAC,323952640,335568,2005-10-05 12:04:04 +36,PAC!,50414321
TO7EV,/DB_ENEMY_ENM071.PAC,324288512,323216,2005-10-05 12:04:04 +36,PAC!,50414321
TO7EV,/DB_ENEMY_FLY030.PAC,324612096,80512,2005-10-05 12:04:04 +36,PAC!,50414321
TO7EV,/DB_ENEMY_FLY036.PAC,324694016,80336,2005-10-05 12:04:04 +36,PAC!,50414321
TO7EV,/DB_ENEMY_HUM010.PAC,324775936,169888,2005-10-05 12:04:05 +36,PAC!,50414321
TO7EV,/DB_ENEMY_HUM022.PAC,324945920,205888,2005-10-05 12:04:05 +36,PAC!,50414321
TO7EV,/DB_ENEMY_HUM040.PAC,325152768,370960,2005-10-05 12:04:05 +36,PAC!,50414321
TO7EV,/DB_ENEMY_HUM043.PAC,325525504,302224,2005-10-05 12:04:05 +36,PAC!,50414321
TO7EV,/DB_ENEMY_HUM060.PAC,325828608,198656,2005-10-05 12:04:05 +36,PAC!,50414321
TO7EV,/DB_ENEMY_HUM064.PAC,326027264,189264,2005-10-05 12:04:05 +36,PAC!,50414321
TO7EV,/DB_ENEMY_PLA010.PAC,326217728,113136,2005-10-05 12:04:05 +36,PAC!,50414321
TO7EV,/DB_ENEMY_PLA012.PAC,326332416,136784,2005-10-05 12:04:05 +36,PAC!,50414321
TO7EV,/DB_ENEMY_PLA020.PAC,326469632,270416,2005-10-05 12:04:05 +36,PAC!,50414321
TO7EV,/DB_ENEMY_PLA022.PAC,326742016,292016,2005-10-05 12:04:05 +36,PAC!,50414321
TO7EV,/DB_ENEMY_SPI000.PAC,327034880,137456,2005-10-05 12:04:05 +36,PAC!,50414321
TO7EV,/DB_ENEMY_SPI004.PAC,327174144,158416,2005-10-05 12:04:05 +36,PAC!,50414321
TO7EV,/DB_ITEM.PAC,327333888,78320,2005-10-05 12:04:05 +36,PAC!,50414321
TO7EV,/DB_MAP_COMMON.PAC,327413760,35648,2005-10-05 12:04:07 +36,PAC!,50414321
TO7EV,/DB_M_01_01.DBS,327450624,1216,2005-10-18 10:53:19 +36,DBS!,44425321
TO7EV,/DB_M_01_01.RPX,327452672,149704,2005-10-05 12:04:05 +36,?,16000000
TO7EV,/DB_M_01_01_ATR.HAD,327604224,288,2005-10-05 12:04:05 +36,HAD!,48414421
TO7EV,/DB_M_01_01_CAM.RCP,327606272,240,2005-10-05 12:04:05 +36,RCP!,52435021
TO7EV,/DB_M_02_01.DBS,327608320,1584,2005-10-18 10:53:19 +36,DBS!,44425321
TO7EV,/DB_M_02_01.RPX,327610368,343368,2005-10-05 12:04:05 +36,?,16000000
TO7EV,/DB_M_02_01_ATR.HAD,327954432,464,2005-10-05 12:04:05 +36,HAD!,48414421
TO7EV,/DB_M_02_01_CAM.RCP,327956480,544,2005-10-05 12:04:05 +36,RCP!,52435021
TO7EV,/DB_M_02_02.DBS,327958528,2064,2005-10-18 10:53:19 +36,DBS!,44425321
TO7EV,/DB_M_02_02.RPX,327962624,291080,2005-10-05 12:04:05 +36,?,16000000
TO7EV,/DB_M_02_02_ATR.HAD,328255488,544,2005-10-05 12:04:05 +36,HAD!,48414421
TO7EV,/DB_M_02_02_CAM.RCP,328257536,1008,2005-10-05 12:04:05 +36,RCP!,52435021
TO7EV,/DB_M_03_01.DBS,328259584,2288,2005-10-18 10:53:19 +36,DBS!,44425321
TO7EV,/DB_M_03_01.RPX,328263680,360200,2005-10-05 12:04:05 +36,?,16000000
TO7EV,/DB_M_03_01_ATR.HAD,328624128,688,2005-10-05 12:04:06 +36,HAD!,48414421
TO7EV,/DB_M_03_01_CAM.RCP,328626176,1392,2005-10-05 12:04:06 +36,RCP!,52435021
TO7EV,/DB_M_03_02.DBS,328628224,1248,2005-10-18 10:53:19 +36,DBS!,44425321
TO7EV,/DB_M_03_02.RPX,328630272,226176,2005-10-05 12:04:06 +36,?,16000000
TO7EV,/DB_M_03_02_ATR.HAD,328857600,400,2005-10-05 12:04:06 +36,HAD!,48414421
TO7EV,/DB_M_03_02_CAM.RCP,328859648,368,2005-10-05 12:04:06 +36,RCP!,52435021
TO7EV,/DB_M_03_03.DBS,328861696,1952,2005-10-18 10:53:19 +36,DBS!,44425321
TO7EV,/DB_M_03_03.RPX,328863744,361832,2005-10-05 12:04:06 +36,?,16000000
TO7EV,/DB_M_03_03_ATR.HAD,329226240,576,2005-10-05 12:04:06 +36,HAD!,48414421
TO7EV,/DB_M_03_03_CAM.RCP,329228288,1632,2005-10-05 12:04:06 +36,RCP!,52435021
TO7EV,/DB_M_04_01.DBS,329230336,2368,2005-10-18 10:53:19 +36,DBS!,44425321
TO7EV,/DB_M_04_01.RPX,329234432,628936,2005-10-05 12:04:06 +36,?,16000000
TO7EV,/DB_M_04_01_ATR.HAD,329865216,704,2005-10-05 12:04:06 +36,HAD!,48414421
TO7EV,/DB_M_04_01_CAM.RCP,329867264,1872,2005-10-05 12:04:06 +36,RCP!,52435021
TO7EV,/DB_M_05_01.DBS,329869312,1840,2005-10-18 10:53:19 +36,DBS!,44425321
TO7EV,/DB_M_05_01.RPX,329871360,308840,2005-10-05 12:04:06 +36,?,16000000
TO7EV,/DB_M_05_01_ATR.HAD,330180608,480,2005-10-05 12:04:06 +36,HAD!,48414421
TO7EV,/DB_M_05_01_CAM.RCP,330182656,976,2005-10-05 12:04:06 +36,RCP!,52435021
TO7EV,/DB_M_05_02.DBS,330184704,1936,2005-10-18 10:53:19 +36,DBS!,44425321
TO7EV,/DB_M_05_02.RPX,330186752,499992,2005-10-05 12:04:06 +36,?,16000000
TO7EV,/DB_M_05_02_ATR.HAD,330688512,656,2005-10-05 12:04:06 +36,HAD!,48414421
TO7EV,/DB_M_05_02_CAM.RCP,330690560,848,2005-10-05 12:04:06 +36,RCP!,52435021
TO7EV,/DB_M_05_03.DBS,330692608,2592,2005-10-18 10:53:19 +36,DBS!,44425321
TO7EV,/DB_M_05_03.RPX,330696704,691024,2005-10-05 12:04:06 +36,?,16000000
TO7EV,/DB_M_05_03_ATR.HAD,331388928,976,2005-10-05 12:04:06 +36,HAD!,48414421
TO7EV,/DB_M_05_03_CAM.RCP,331390976,2256,2005-10-05 12:04:06 +36,RCP!,52435021
TO7EV,/DB_M_06_01.DBS,331395072,1632,2005-10-18 10:53:19 +36,DBS!,44425321
TO7EV,/DB_M_06_01.RPX,331397120,400624,2005-10-05 12:04:06 +36,?,16000000
TO7EV,/DB_M_06_01_ATR.HAD,331798528,608,2005-10-05 12:04:06 +36,HAD!,48414421
TO7EV,/DB_M_06_01_CAM.RCP,331800576,1200,2005-10-05 12:04:06 +36,RCP!,52435021
TO7EV,/DB_M_06_02.DBS,331802624,2704,2005-10-18 10:53:19 +36,DBS!,44425321
TO7EV,/DB_M_06_02.RPX,331806720,578400,2005-10-05 12:04:06 +36,?,16000000
TO7EV,/DB_M_06_02_ATR.HAD,332386304,880,2005-10-05 12:04:06 +36,HAD!,48414421
TO7EV,/DB_M_06_02_CAM.RCP,332388352,1712,2005-10-05 12:04:06 +36,RCP!,52435021
TO7EV,/DB_M_06_03.DBS,332390400,1888,2005-10-18 10:53:19 +36,DBS!,44425321
TO7EV,/DB_M_06_03.RPX,332392448,153816,2005-10-05 12:04:06 +36,?,16000000
TO7EV,/DB_M_06_03_ATR.HAD,332548096,304,2005-10-05 12:04:06 +36,HAD!,48414421
TO7EV,/DB_M_06_03_CAM.RCP,332550144,96,2005-10-05 12:04:06 +36,RCP!,52435021
TO7EV,/DB_M_07_01.DBS,332552192,3184,2005-10-18 10:53:19 +36,DBS!,44425321
TO7EV,/DB_M_07_01.RPX,332556288,425708,2005-10-05 12:04:06 +36,?,16000000
TO7EV,/DB_M_07_01_ATR.HAD,332982272,1024,2005-10-05 12:04:06 +36,HAD!,48414421
TO7EV,/DB_M_07_01_CAM.RCP,332984320,2944,2005-10-05 12:04:06 +36,RCP!,52435021
TO7EV,/DB_M_07_02.DBS,332988416,2944,2005-10-18 10:53:19 +36,DBS!,44425321
TO7EV,/DB_M_07_02.RPX,332992512,665864,2005-10-05 12:04:07 +36,?,16000000
TO7EV,/DB_M_07_02_ATR.HAD,333660160,992,2005-10-05 12:04:07 +36,HAD!,48414421
TO7EV,/DB_M_07_02_CAM.RCP,333662208,2432,2005-10-05 12:04:07 +36,RCP!,52435021
TO7EV,/DB_M_08_01.DBS,333666304,368,2005-10-18 10:53:19 +36,DBS!,44425321
TO7EV,/DB_M_08_01.RPX,333668352,424698,2005-10-05 12:04:07 +36,?,16000000
TO7EV,/DB_M_08_01_ATR.HAD,334094336,160,2005-10-05 12:04:07 +36,HAD!,48414421
TO7EV,/DB_M_08_01_CAM.RCP,334096384,208,2005-10-05 12:04:07 +36,RCP!,52435021
TO7EV,/DB_SECRET_ALL.TM2,334098432,525376,2005-10-05 12:04:08 +36,TIM2,54494d32
TO7EV,/DB_SECRET_ANISE.TM2,334624768,1049664,2005-10-05 12:04:08 +36,TIM2,54494d32
TO7EV,/DB_SECRET_ASCH.TM2,335675392,525376,2005-10-05 12:04:08 +36,TIM2,54494d32
TO7EV,/DB_SECRET_GUY.TM2,336201728,1049664,2005-10-05 12:04:08 +36,TIM2,54494d32
TO7EV,/DB_SECRET_JADE.TM2,337252352,1049664,2005-10-05 12:04:08 +36,TIM2,54494d32
TO7EV,/DB_SECRET_LUKE.TM2,338302976,1049664,2005-10-05 12:04:08 +36,TIM2,54494d32
TO7EV,/DB_SECRET_MYU.TM2,339353600,1049664,2005-10-05 12:04:08 +36,TIM2,54494d32
TO7EV,/DB_SECRET_NATALIA.TM2,340404224,1049664,2005-10-05 12:04:09 +36,TIM2,54494d32
TO7EV,/DB_SECRET_SPECIAL.TM2,341454848,1049664,2005-10-05 12:04:09 +36,TIM2,54494d32
TO7EV,/DB_SECRET_TEAR.TM2,342505472,1049664,2005-10-05 12:04:09 +36,TIM2,54494d32
TO7EV,/DB_SECRET_VAN.TM2,343556096,525376,2005-10-05 12:04:09 +36,TIM2,54494d32
TO7EV,/ETC.AFS,344082432,12288,2005-10-26 19:54:10 +36,AFS,41465300
TO7EV,/LOGO00.TM2,344094720,33856,2005-10-05 12:04:09 +36,TIM2,54494d32
TO7EV,/LOGO01.TM2,344129536,32896,2005-10-05 12:04:09 +36,TIM2,54494d32
TO7EV,/LOGO02.TM2,344164352,8320,2005-10-05 12:04:09 +36,TIM2,54494d32
TO7EV,/NAMCOT.TM2,344174592,33856,2005-10-05 12:04:09 +36,TIM2,54494d32
TO7EV,/PK_CARD.TM2,344209408,960096,2005-10-06 13:34:25 +36,TIM2,54494d32
TO7EV,/PK_ETC.TM2,345169920,1851296,2005-11-01 15:34:17 +36,TIM2,54494d32
TO7EV,/PK_FONT.TM2,347021312,8320,2005-10-06 13:34:26 +36,TIM2,54494d32
TO7EV,/SCE_01.AFS,347031552,93984768,2005-11-01 13:44:34 +36,AFS,41465300
TO7EV,/SCE_02.AFS,441016320,97970176,2005-10-27 15:34:56 +36,AFS,41465300
TO7EV,/SCE_03.AFS,538986496,101187584,2005-10-27 15:35:03 +36,AFS,41465300
TO7EV,/SCE_04.AFS,640174080,83109888,2005-11-01 13:44:37 +36,AFS,41465300
TO7EV,/SCE_05.AFS,723283968,48480256,2005-10-27 15:35:12 +36,AFS,41465300
TO7EV,/SCE_06.AFS,771764224,71989248,2005-10-27 15:35:16 +36,AFS,41465300
TO7EV,/SCE_07.AFS,843753472,75370496,2005-10-26 19:53:18 +36,AFS,41465300
TO7EV,/SCE_08.AFS,919123968,12288,2005-10-26 19:53:18 +36,AFS,41465300
TO7EV,/SCE_09.AFS,919136256,12288,2005-10-26 19:53:18 +36,AFS,41465300
TO7EV,/SCE_10.AFS,919148544,106696704,2005-11-10 13:57:37 +36,AFS,41465300
TO7EV,/SCE_11.AFS,1025845248,12288,2005-10-26 19:54:09 +36,AFS,41465300
TO7EV,/SCE_12.AFS,1025857536,12288,2005-10-05 12:04:33 +36,AFS,41465300
TO7EV,/SE.AFS,1025869824,41148416,2005-10-05 12:04:38 +36,AFS,41465300
TO7EV,/SYS.AFS,1067018240,1974272,2005-10-26 19:54:10 +36,AFS,41465300
TO7EV,/S_DB_FONT.TM2,1068992512,8320,2005-10-05 12:04:09 +36,TIM2,54494d32
TO7EV,/S_DB_GAME.TM2,1069002752,59328,2005-10-05 12:04:09 +36,TIM2,54494d32
TO7EV,/S_DB_ITEM.TM2,1069062144,30592,2005-10-05 12:04:09 +36,TIM2,54494d32
TO7EV,/S_DB_TITLE.TM2,1069092864,1091392,2005-10-20 19:21:54 +36,TIM2,54494d32
TO7EV,/VSSVER.SCC,1070184448,2320,2005-11-10 13:57:37 +36,VSSVER.SCC,34120100
TO7MOV,/AS_001.SFD,49152,91256832,2005-10-24 10:46:46 +36,MPEG-PS (Sofdec),000001ba
TO7MOV,/AS_002.SFD,91305984,37470208,2005-10-24 10:46:49 +36,MPEG-PS (Sofdec),000001ba
TO7MOV,/AS_003.SFD,128776192,20930560,2005-10-24 10:46:51 +36,MPEG-PS (Sofdec),000001ba
TO7MOV,/AS_004.SFD,149706752,22972416,2005-10-24 10:46:53 +36,MPEG-PS (Sofdec),000001ba
TO7MOV,/AS_005.SFD,172679168,49664000,2005-10-24 10:46:56 +36,MPEG-PS (Sofdec),000001ba
TO7MOV,/AS_006.SFD,222343168,83871744,2005-10-24 10:47:01 +36,MPEG-PS (Sofdec),000001ba
TO7MOV,/AS_007.SFD,306214912,47888384,2005-10-24 10:47:03 +36,MPEG-PS (Sofdec),000001ba
TO7MOV,/AS_008.SFD,354103296,83347456,2005-10-24 10:47:07 +36,MPEG-PS (Sofdec),000001ba
TO7MOV,/AS_009.SFD,437450752,213897216,2005-10-24 10:47:14 +36,MPEG-PS (Sofdec),000001ba
TO7MOV,/AS_010.SFD,651347968,2418688,2005-10-05 12:07:25 +36,MPEG-PS (Sofdec),000001ba
TO7MOV,/EP02_005B.SFD,653766656,3504128,2005-10-19 18:33:50 +36,MPEG-PS (Sofdec),000001ba
TO7MOV,/EP02_005C.SFD,657270784,1564672,2005-10-19 18:21:36 +36,MPEG-PS (Sofdec),000001ba
TO7MOV,/EP02_005D.SFD,658835456,4870144,2005-10-19 18:33:51 +36,MPEG-PS (Sofdec),000001ba
TO7MOV,/OP.SFD,663705600,108126208,2005-06-28 20:25:00 +36,MPEG-PS (Sofdec),000001ba
TO7MOV,/S101.SFD,771831808,44201984,2005-05-09 23:46:00 +36,MPEG-PS (Sofdec),000001ba
TO7MOV,/S104.SFD,816033792,34203648,2005-05-09 23:43:00 +36,MPEG-PS (Sofdec),000001ba
TO7MOV,/S105.SFD,850237440,38916096,2005-05-09 23:49:00 +36,MPEG-PS (Sofdec),000001ba
TO7MOV,/SS0000.SFD,889153536,2418688,2005-10-05 12:07:31 +36,MPEG-PS (Sofdec),000001ba
TO7MOV,/S_101.SFD,891572224,12863488,2005-10-20 10:24:18 +36,MPEG-PS (Sofdec),000001ba
TO7MOV,/S_102.SFD,904435712,9328640,2005-10-20 10:24:19 +36,MPEG-PS (Sofdec),000001ba
TO7MOV,/S_103.SFD,913764352,16988160,2005-10-20 10:24:20 +36,MPEG-PS (Sofdec),000001ba
TO7MOV,/S_104.SFD,930752512,6119424,2005-10-20 10:24:21 +36,MPEG-PS (Sofdec),000001ba
TO7MOV,/S_105.SFD,936871936,11163648,2005-10-20 10:24:21 +36,MPEG-PS (Sofdec),000001ba
TO7MOV,/S_106.SFD,948035584,10573824,2005-10-20 10:24:22 +36,MPEG-PS (Sofdec),000001ba
TO7MOV,/S_107.SFD,958609408,11001856,2005-10-20 10:24:23 +36,MPEG-PS (Sofdec),000001ba
TO7MOV,/S_108.SFD,969611264,7718912,2005-10-20 10:24:23 +36,MPEG-PS (Sofdec),000001ba
TO7MOV,/S_109.SFD,977330176,4083712,2005-10-20 10:24:24 +36,MPEG-PS (Sofdec),000001ba
TO7MOV,/VSSVER.SCC,981413888,400,2005-10-24 10:47:28 +36,VSSVER.SCC,34120100
TO7BGM,/TOA_SFXBGM_B000.ADX,57344,5718016,2005-10-13 11:59:01 +36,ADX,800006d4
TO7BGM,/TOA_SFXBGM_B001.ADX,5775360,6680576,2005-10-13 11:59:02 +36,ADX,80000684
TO7BGM,/TOA_SFXBGM_B002.ADX,12455936,6049792,2005-10-13 11:59:02 +36,ADX,80000070
TO7BGM,/TOA_SFXBGM_B003.ADX,18505728,8464384,2005-10-13 11:59:02 +36,ADX,800007f8
TO7BGM,/TOA_SFXBGM_B004.ADX,26970112,12431360,2005-10-13 11:59:04 +36,ADX,80000648
TO7BGM,/TOA_SFXBGM_B005.ADX,39401472,5885952,2005-10-13 11:59:04 +36,ADX,80000304
TO7BGM,/TOA_SFXBGM_B006.ADX,45287424,13201408,2005-10-13 11:59:05 +36,ADX,800004d4
TO7BGM,/TOA_SFXBGM_B007.ADX,58488832,4608000,2005-10-13 11:59:05 +36,ADX,80000314
TO7BGM,/TOA_SFXBGM_B008.ADX,63096832,7577600,2005-10-13 11:59:06 +36,ADX,8000053c
TO7BGM,/TOA_SFXBGM_B009.ADX,70674432,4413440,2005-10-13 11:59:06 +36,ADX,800005e8
TO7BGM,/TOA_SFXBGM_B010.ADX,75087872,12406784,2005-10-13 11:59:07 +36,ADX,800003d8
TO7BGM,/TOA_SFXBGM_B011.ADX,87494656,6021120,2005-10-13 11:59:07 +36,ADX,80000314
TO7BGM,/TOA_SFXBGM_B012.ADX,93515776,1632256,2005-10-13 11:59:07 +36,ADX,80000484
TO7BGM,/TOA_SFXBGM_B013.ADX,95148032,1992704,2005-10-13 11:59:07 +36,ADX,800004d4
TO7BGM,/TOA_SFXBGM_C000.ADX,97140736,5236736,2005-10-13 11:59:08 +36,ADX,80000500
TO7BGM,/TOA_SFXBGM_C001.ADX,102377472,5498880,2005-10-13 11:59:08 +36,ADX,800002c4
TO7BGM,/TOA_SFXBGM_C002.ADX,107876352,5666816,2005-10-13 11:59:08 +36,ADX,80000660
TO7BGM,/TOA_SFXBGM_C003.ADX,113543168,7477248,2005-10-13 11:59:08 +36,ADX,8000004c
TO7BGM,/TOA_SFXBGM_C004.ADX,121020416,6131712,2005-10-13 11:59:09 +36,ADX,80000048
TO7BGM,/TOA_SFXBGM_D001.ADX,127152128,6518784,2005-10-13 11:59:09 +36,ADX,8000061c
TO7BGM,/TOA_SFXBGM_D002.ADX,133670912,2428928,2005-10-05 12:02:38 +36,ADX,800000b4
TO7BGM,/TOA_SFXBGM_D003.ADX,136099840,5289984,2005-10-13 11:59:09 +36,ADX,800000b4
TO7BGM,/TOA_SFXBGM_D004.ADX,141389824,10743808,2005-10-13 11:59:10 +36,ADX,8000041c
TO7BGM,/TOA_SFXBGM_D006.ADX,152133632,5715968,2005-10-13 11:59:10 +36,ADX,80000800
TO7BGM,/TOA_SFXBGM_D007.ADX,157849600,7182336,2005-10-13 11:59:11 +36,ADX,80000490
TO7BGM,/TOA_SFXBGM_D008.ADX,165031936,6993920,2005-10-13 11:59:11 +36,ADX,8000029c
TO7BGM,/TOA_SFXBGM_D009.ADX,172025856,5441536,2005-10-13 11:59:11 +36,ADX,800003ac
TO7BGM,/TOA_SFXBGM_D010.ADX,177467392,6635520,2005-10-13 11:59:11 +36,ADX,800003f4
TO7BGM,/TOA_SFXBGM_D011.ADX,184102912,2428928,2005-10-05 12:02:40 +36,ADX,800000b4
TO7BGM,/TOA_SFXBGM_D012.ADX,186531840,5783552,2005-10-13 11:59:12 +36,ADX,80000738
TO7BGM,/TOA_SFXBGM_D013.ADX,192315392,6266880,2005-10-13 11:59:12 +36,ADX,80000060
TO7BGM,/TOA_SFXBGM_D014.ADX,198582272,2428928,2005-10-05 12:02:41 +36,ADX,800000b4
TO7BGM,/TOA_SFXBGM_D015.ADX,201011200,7489536,2005-10-13 11:59:12 +36,ADX,80000760
TO7BGM,/TOA_SFXBGM_D016.ADX,208500736,7036928,2005-10-13 11:59:13 +36,ADX,80000580
TO7BGM,/TOA_SFXBGM_D017.ADX,215537664,7544832,2005-10-11 21:20:17 +36,ADX,8000026c
TO7BGM,/TOA_SFXBGM_D018.ADX,223082496,6711296,2005-10-13 11:59:13 +36,ADX,80000818
TO7BGM,/TOA_SFXBGM_D019.ADX,229793792,2428928,2005-10-05 12:02:43 +36,ADX,800000b4
TO7BGM,/TOA_SFXBGM_D020.ADX,232222720,4104192,2005-10-13 11:59:13 +36,ADX,80000564
TO7BGM,/TOA_SFXBGM_D021.ADX,236326912,2428928,2005-10-05 12:02:43 +36,ADX,800000b4
TO7BGM,/TOA_SFXBGM_D022.ADX,238755840,6381568,2005-10-13 11:59:13 +36,ADX,80000330
TO7BGM,/TOA_SFXBGM_D023.ADX,245137408,2428928,2005-10-05 12:02:44 +36,ADX,800000b4
TO7BGM,/TOA_SFXBGM_D024.ADX,247566336,3387392,2005-10-13 11:59:14 +36,ADX,80000140
TO7BGM,/TOA_SFXBGM_D025.ADX,250953728,11157504,2005-10-05 12:02:44 +36,ADX,80000160
TO7BGM,/TOA_SFXBGM_D026.ADX,262111232,8595456,2005-10-13 11:59:14 +36,ADX,80000808
TO7BGM,/TOA_SFXBGM_D027.ADX,270706688,6735872,2005-10-13 11:59:14 +36,ADX,800005b4
TO7BGM,/TOA_SFXBGM_D028.ADX,277442560,12820480,2005-10-13 11:59:15 +36,ADX,800003bc
TO7BGM,/TOA_SFXBGM_D029.ADX,290263040,7163904,2005-10-13 11:59:15 +36,ADX,8000051c
TO7BGM,/TOA_SFXBGM_D030.ADX,297426944,9314304,2005-10-13 11:59:16 +36,ADX,80000248
TO7BGM,/TOA_SFXBGM_D031.ADX,306741248,8292352,2005-10-13 11:59:16 +36,ADX,80000304
TO7BGM,/TOA_SFXBGM_D032.ADX,315033600,7925760,2005-10-13 11:59:17 +36,ADX,800007e0
TO7BGM,/TOA_SFXBGM_D033.ADX,322959360,8034304,2005-10-13 11:59:17 +36,ADX,80000108
TO7BGM,/TOA_SFXBGM_D034.ADX,330993664,9566208,2005-10-13 11:59:18 +36,ADX,80000040
TO7BGM,/TOA_SFXBGM_D035.ADX,340559872,2754560,2005-10-13 11:59:18 +36,ADX,80000458
TO7BGM,/TOA_SFXBGM_D036.ADX,343314432,2969600,2005-10-13 11:59:18 +36,ADX,8000037c
TO7BGM,/TOA_SFXBGM_D037.ADX,346284032,3274752,2005-10-13 11:59:18 +36,ADX,8000077c
TO7BGM,/TOA_SFXBGM_D038.ADX,349558784,3127296,2005-10-13 11:59:18 +36,ADX,800007a0
TO7BGM,/TOA_SFXBGM_E000.ADX,352686080,4198400,2005-10-21 11:22:53 +36,ADX,800004fc
TO7BGM,/TOA_SFXBGM_E001.ADX,356884480,2428928,2005-10-05 12:02:48 +36,ADX,800000b4
TO7BGM,/TOA_SFXBGM_E002.ADX,359313408,6950912,2005-10-21 11:22:54 +36,ADX,800003b8
TO7BGM,/TOA_SFXBGM_E003.ADX,366264320,4546560,2005-10-13 11:59:19 +36,ADX,80000764
TO7BGM,/TOA_SFXBGM_E004.ADX,370810880,2295808,2005-10-13 11:59:19 +36,ADX,80000698
TO7BGM,/TOA_SFXBGM_E005.ADX,373106688,4210688,2005-10-13 11:59:19 +36,ADX,80000268
TO7BGM,/TOA_SFXBGM_E006.ADX,377317376,731136,2005-10-05 12:02:49 +36,ADX,800007fc
TO7BGM,/TOA_SFXBGM_E007.ADX,378048512,1576960,2005-10-13 11:59:20 +36,ADX,8000056c
TO7BGM,/TOA_SFXBGM_E008.ADX,379625472,1730560,2005-10-13 11:59:20 +36,ADX,80000220
TO7BGM,/TOA_SFXBGM_E009.ADX,381356032,1839104,2005-10-13 11:59:20 +36,ADX,800004ac
TO7BGM,/TOA_SFXBGM_E010.ADX,383195136,2949120,2005-10-13 11:59:20 +36,ADX,8000021c
TO7BGM,/TOA_SFXBGM_E011.ADX,386144256,1103872,2005-10-13 11:59:20 +36,ADX,80000530
TO7BGM,/TOA_SFXBGM_E012.ADX,387248128,5746688,2005-10-13 11:59:20 +36,ADX,80000704
TO7BGM,/TOA_SFXBGM_E013.ADX,392994816,7233536,2005-10-13 11:59:21 +36,ADX,80000758
TO7BGM,/TOA_SFXBGM_E014.ADX,400228352,2764800,2005-10-20 16:40:13 +36,ADX,8000006c
TO7BGM,/TOA_SFXBGM_E015.ADX,402993152,2527232,2005-10-13 11:59:21 +36,ADX,80000828
TO7BGM,/TOA_SFXBGM_F000.ADX,405520384,2428928,2005-10-05 12:02:51 +36,ADX,800000b4
TO7BGM,/TOA_SFXBGM_F001.ADX,407949312,2428928,2005-10-05 12:02:51 +36,ADX,800000b4
TO7BGM,/TOA_SFXBGM_F002.ADX,410378240,2428928,2005-10-05 12:02:51 +36,ADX,800000b4
TO7BGM,/TOA_SFXBGM_F003.ADX,412807168,2428928,2005-10-05 12:02:51 +36,ADX,800000b4
TO7BGM,/TOA_SFXBGM_F004.ADX,415236096,2428928,2005-10-05 12:02:51 +36,ADX,800000b4
TO7BGM,/TOA_SFXBGM_F005.ADX,417665024,2428928,2005-10-05 12:02:51 +36,ADX,800000b4
TO7BGM,/TOA_SFXBGM_F006.ADX,420093952,2428928,2005-10-05 12:02:51 +36,ADX,800000b4
TO7BGM,/TOA_SFXBGM_I001.ADX,422522880,2428928,2005-10-05 12:02:52 +36,ADX,800000b4
TO7BGM,/TOA_SFXBGM_I002.ADX,424951808,2428928,2005-10-05 12:02:52 +36,ADX,800000b4
TO7BGM,/TOA_SFXBGM_I003.ADX,427380736,2428928,2005-10-05 12:02:52 +36,ADX,800000b4
TO7BGM,/TOA_SFXBGM_I004.ADX,429809664,2428928,2005-10-05 12:02:52 +36,ADX,800000b4
TO7BGM,/TOA_SFXBGM_I005.ADX,432238592,7772160,2005-10-13 11:59:21 +36,ADX,800001d4
TO7BGM,/TOA_SFXBGM_I006.ADX,440010752,2428928,2005-10-05 12:02:52 +36,ADX,800000b4
TO7BGM,/TOA_SFXBGM_I008.ADX,442439680,9580544,2005-10-13 11:59:22 +36,ADX,8000004c
TO7BGM,/TOA_SFXBGM_I009.ADX,452020224,7852032,2005-10-13 11:59:23 +36,ADX,800007fc
TO7BGM,/TOA_SFXBGM_I010.ADX,459872256,2428928,2005-10-05 12:02:53 +36,ADX,800000b4
TO7BGM,/TOA_SFXBGM_I011.ADX,462301184,5199872,2005-10-13 11:59:23 +36,ADX,80000700
TO7BGM,/TOA_SFXBGM_I013.ADX,467501056,4169728,2005-10-13 11:59:23 +36,ADX,800000e8
TO7BGM,/TOA_SFXBGM_I014.ADX,471670784,2428928,2005-10-05 12:02:54 +36,ADX,800000b4
TO7BGM,/TOA_SFXBGM_I015.ADX,474099712,2428928,2005-10-05 12:02:54 +36,ADX,800000b4
TO7BGM,/TOA_SFXBGM_I016.ADX,476528640,4546560,2005-10-13 11:59:24 +36,ADX,80000190
TO7BGM,/TOA_SFXBGM_I018.ADX,481075200,2428928,2005-10-05 12:02:54 +36,ADX,800000b4
TO7BGM,/TOA_SFXBGM_M000.ADX,483504128,2428928,2005-10-05 12:02:55 +36,ADX,800000b4
TO7BGM,/TOA_SFXBGM_M001.ADX,485933056,2942976,2005-10-13 11:59:24 +36,ADX,8000064c
TO7BGM,/TOA_SFXBGM_M002.ADX,488876032,256630,2005-10-11 21:22:19 +36,ADX,80000024
TO7BGM,/TOA_SFXBGM_M002B.ADX,489134080,173794,2005-10-07 16:26:47 +36,ADX,80000024
TO7BGM,/TOA_SFXBGM_M003.ADX,489308160,1538048,2005-10-13 11:59:24 +36,ADX,80000228
TO7BGM,/TOA_SFXBGM_M003B.ADX,490846208,1200128,2005-10-07 16:26:47 +36,ADX,800007fc
TO7BGM,/TOA_SFXBGM_M004.ADX,492046336,372736,2005-10-13 11:59:24 +36,ADX,800002c4
TO7BGM,/TOA_SFXBGM_M004B.ADX,492419072,346112,2005-10-07 16:26:47 +36,ADX,800007d8
TO7BGM,/TOA_SFXBGM_M005.ADX,492765184,1345536,2005-10-13 11:59:24 +36,ADX,80000808
TO7BGM,/TOA_SFXBGM_M005B.ADX,494110720,854016,2005-10-07 16:26:47 +36,ADX,800007a8
TO7BGM,/TOA_SFXBGM_M006.ADX,494964736,3065856,2005-10-13 11:59:24 +36,ADX,800004cc
TO7BGM,/TOA_SFXBGM_M007.ADX,498030592,2447360,2005-10-13 11:59:24 +36,ADX,80000194
TO7BGM,/TOA_SFXBGM_M008.ADX,500477952,3577856,2005-10-13 11:59:25 +36,ADX,80000418
TO7BGM,/TOA_SFXBGM_MD00.BD,504055808,842272,2005-10-05 12:02:55 +36,zero-lead,00000000
TO7BGM,/TOA_SFXBGM_MD00.HD,504899584,3424,2005-10-05 12:02:55 +36,?,49454353
TO7BGM,/TOA_SFXBGM_MD00.SQ,504903680,9008,2005-10-05 12:02:55 +36,?,49454353
TO7BGM,/TOA_SFXBGM_MD01.BD,504913920,328720,2005-10-05 12:02:56 +36,zero-lead,00000000
TO7BGM,/TOA_SFXBGM_MD01.HD,505243648,1808,2005-10-05 12:02:56 +36,?,49454353
TO7BGM,/TOA_SFXBGM_MD01.SQ,505245696,16704,2005-10-05 12:02:56 +36,?,49454353
TO7BGM,/TOA_SFXBGM_MD02.BD,505264128,817264,2005-10-05 12:02:56 +36,zero-lead,00000000
TO7BGM,/TOA_SFXBGM_MD02.HD,506083328,3392,2005-10-05 12:02:56 +36,?,49454353
TO7BGM,/TOA_SFXBGM_MD02.SQ,506087424,11424,2005-10-05 12:02:56 +36,?,49454353
TO7BGM,/TOA_SFXBGM_MD03.SQ,506099712,16560,2005-10-05 12:02:56 +36,?,49454353
TO7BGM,/TOA_SFXBGM_MD05.SQ,506118144,3440,2005-10-05 12:02:56 +36,?,49454353
TO7BGM,/TOA_SFXBGM_MD06.SQ,506122240,20448,2005-10-05 12:02:56 +36,?,49454353
TO7BGM,/TOA_SFXBGM_S000.ADX,506142720,2236846,2005-10-13 11:59:25 +36,ADX,80000024
TO7BGM,/TOA_SFXBGM_T000.ADX,508381184,6334464,2005-10-11 21:19:04 +36,ADX,80000628
TO7BGM,/TOA_SFXBGM_T001.ADX,514715648,6823936,2005-10-13 11:59:25 +36,ADX,8000065c
TO7BGM,/TOA_SFXBGM_T002.ADX,521539584,5572608,2005-10-13 11:59:25 +36,ADX,8000021c
TO7BGM,/TOA_SFXBGM_T003.ADX,527112192,5306368,2005-10-13 11:59:26 +36,ADX,80000578
TO7BGM,/TOA_SFXBGM_T004.ADX,532418560,3551232,2005-10-13 11:59:26 +36,ADX,8000024c
TO7BGM,/TOA_SFXBGM_T005.ADX,535969792,2428928,2005-10-05 12:02:58 +36,ADX,800000b4
TO7BGM,/TOA_SFXBGM_T006.ADX,538398720,5834752,2005-10-13 11:59:26 +36,ADX,800001d8
TO7BGM,/TOA_SFXBGM_T007.ADX,544233472,5861376,2005-10-13 11:59:27 +36,ADX,8000038c
TO7BGM,/TOA_SFXBGM_T008.ADX,550094848,5312512,2005-10-13 11:59:27 +36,ADX,80000654
TO7BGM,/TOA_SFXBGM_T009.ADX,555407360,5775360,2005-10-13 11:59:27 +36,ADX,8000004c
TO7BGM,/TOA_SFXBGM_T010.ADX,561182720,2428928,2005-10-05 12:02:59 +36,ADX,800000b4
TO7BGM,/TOA_SFXBGM_T011.ADX,563611648,7782400,2005-10-13 11:59:28 +36,ADX,800006cc
TO7BGM,/TOA_SFXBGM_T012.ADX,571394048,5672960,2005-10-13 11:59:28 +36,ADX,80000520
TO7BGM,/TOA_SFXBGM_T013.ADX,577067008,5740544,2005-10-13 11:59:28 +36,ADX,800001e4
TO7BGM,/TOA_SFXBGM_T014.ADX,582807552,5857280,2005-10-13 11:59:29 +36,ADX,80000260
TO7BGM,/TOA_SFXBGM_T015.ADX,588664832,6082560,2005-10-13 11:59:29 +36,ADX,800002e0
TO7BGM,/TOA_SFXBGM_T016.ADX,594747392,4481024,2005-10-11 21:23:37 +36,ADX,800007e8
TO7BGM,/TOA_SFXBGM_T017.ADX,599228416,8130560,2005-10-13 11:59:30 +36,ADX,80000634
TO7BGM,/TOA_SFXBGM_T018.ADX,607358976,2428928,2005-10-05 12:03:01 +36,ADX,800000b4
TO7BGM,/TOA_SFXBGM_T019.ADX,609787904,2428928,2005-10-05 12:03:01 +36,ADX,800000b4
TO7BGM,/TOA_SFXBGM_T020.ADX,612216832,2428928,2005-10-05 12:03:01 +36,ADX,800000b4
TO7BGM,/TOA_SFXBGM_X001.ADX,614645760,1243136,2005-10-07 16:26:47 +36,ADX,8000029c
TO7BGM,/TOA_SFXBGM_X002.ADX,615888896,1271808,2005-10-07 16:26:47 +36,ADX,8000029c
TO7BGM,/TOA_SFXBGM_X003.ADX,617160704,1267712,2005-10-07 16:26:47 +36,ADX,8000029c
TO7BGM,/TOA_SFXBGM_X004.ADX,618428416,1239040,2005-10-07 16:26:48 +36,ADX,8000029c
TO7BGM,/TOA_SFXBGM_X005.ADX,619667456,1234944,2005-10-07 16:26:49 +36,ADX,8000029c
TO7BGM,/TOA_SFXBGM_X006.ADX,620902400,1243136,2005-10-07 16:26:49 +36,ADX,8000029c
TO7BGM,/TOA_SFXBGM_X007.ADX,622145536,1251328,2005-10-07 16:26:49 +36,ADX,8000029c
TO7BGM,/VSSVER.SCC,623396864,2400,2005-10-21 11:22:56 +36,VSSVER.SCC,34120100
TO7SE,/AJI.SE2,79872,224,2005-07-15 12:42:12 +36,iSE2,69534532
TO7SE,/ANI.SE2,81920,224,2005-07-15 12:42:12 +36,iSE2,69534532
TO7SE,/BAS.SE2,83968,224,2005-07-15 12:42:12 +36,iSE2,69534532
TO7SE,/BNI.SE2,86016,224,2005-07-15 12:42:12 +36,iSE2,69534532
TO7SE,/BTL.SE2,88064,555648,2005-11-11 21:01:13 +36,iSE2,69534532
TO7SE,/CAP.SE2,645120,224,2005-07-15 12:42:12 +36,iSE2,69534532
TO7SE,/CAS.SE2,647168,224,2005-07-15 12:42:12 +36,iSE2,69534532
TO7SE,/CHD.SE2,649216,224,2005-07-15 12:42:12 +36,iSE2,69534532
TO7SE,/CHT_000.SKT,651264,159461,2005-10-05 12:08:15 +36,codec block,03dc6e02
TO7SE,/CHT_001.SKT,811008,65936,2005-11-01 17:03:49 +36,codec block,03870101
TO7SE,/CHT_002.SKT,878592,54935,2005-11-01 17:03:49 +36,codec block,038ed600
TO7SE,/CHT_003.SKT,933888,174533,2005-11-01 17:03:49 +36,codec block,03bca902
TO7SE,/CHT_004.SKT,1110016,142292,2005-11-01 17:03:49 +36,codec block,03cb2b02
TO7SE,/CHT_005.SKT,1253376,85137,2005-11-01 17:03:49 +36,codec block,03884c01
TO7SE,/CHT_006.SKT,1339392,78191,2005-11-01 17:03:49 +36,codec block,03663101
TO7SE,/CHT_007.SKT,1419264,166700,2005-11-01 17:03:49 +36,codec block,03238b02
TO7SE,/CHT_008.SKT,1587200,144884,2005-11-01 17:03:49 +36,codec block,03eb3502
TO7SE,/CHT_009.SKT,1732608,137096,2005-11-01 17:03:49 +36,codec block,037f1702
TO7SE,/CHT_010.SKT,1869824,128735,2005-11-01 17:03:49 +36,codec block,03d6f601
TO7SE,/CHT_011.SKT,1998848,139080,2005-11-01 17:03:49 +36,codec block,033f1f02
TO7SE,/CHT_012.SKT,2138112,116642,2005-11-01 17:03:49 +36,codec block,0399c701
TO7SE,/CHT_013.SKT,2254848,217690,2005-11-01 17:03:49 +36,codec block,03515203
TO7SE,/CHT_014.SKT,2473984,290005,2005-11-01 17:03:49 +36,codec block,03cc6c04
TO7SE,/CHT_015.SKT,2764800,122776,2005-11-01 17:03:49 +36,codec block,038fdf01
TO7SE,/CHT_016.SKT,2887680,80386,2005-11-01 17:03:49 +36,codec block,03f93901
TO7SE,/CHT_017.SKT,2969600,253685,2005-11-06 20:45:50 +36,codec block,03ecde03
TO7SE,/CHT_018.SKT,3223552,164791,2005-11-01 17:03:49 +36,codec block,03ae8302
TO7SE,/CHT_019.SKT,3389440,72548,2005-11-01 17:03:49 +36,codec block,035b1b01
TO7SE,/CHT_020.SKT,3463168,131483,2005-11-01 17:03:49 +36,codec block,03920102
TO7SE,/CHT_021.SKT,3596288,205689,2005-11-01 17:03:49 +36,codec block,03702303
TO7SE,/CHT_022.SKT,3803136,200756,2005-11-01 17:03:50 +36,codec block,032b1003
TO7SE,/CHT_023.SKT,4005888,153930,2005-11-01 17:03:50 +36,codec block,03415902
TO7SE,/CHT_024.SKT,4161536,192256,2005-11-01 17:03:50 +36,codec block,03f7ee02
TO7SE,/CHT_025.SKT,4354048,187079,2005-11-01 17:03:50 +36,codec block,03beda02
TO7SE,/CHT_026.SKT,4542464,118247,2005-11-01 17:03:50 +36,codec block,03decd01
TO7SE,/CHT_027.SKT,4661248,105139,2005-11-01 17:03:50 +36,codec block,03aa9a01
TO7SE,/CHT_028.SKT,4767744,44915,2005-11-06 20:45:56 +36,codec block,036aaf00
TO7SE,/CHT_029.SKT,4812800,266506,2005-11-01 17:03:50 +36,codec block,03011104
TO7SE,/CHT_030.SKT,5081088,106161,2005-11-01 17:03:50 +36,codec block,03a89e01
TO7SE,/CHT_031.SKT,5187584,124146,2005-11-01 17:03:50 +36,codec block,03e9e401
TO7SE,/CHT_032.SKT,5312512,209335,2005-11-01 17:03:50 +36,codec block,03ae3103
TO7SE,/CHT_033.SKT,5523456,219663,2005-11-01 17:03:50 +36,codec block,03065a03
TO7SE,/CHT_034.SKT,5744640,286734,2005-11-01 17:03:50 +36,codec block,03056004
TO7SE,/CHT_035.SKT,6033408,187762,2005-11-01 17:03:50 +36,codec block,0369dd02
TO7SE,/CHT_036.SKT,6221824,271093,2005-11-01 17:03:50 +36,codec block,03ec2204
TO7SE,/CHT_037.SKT,6494208,165370,2005-11-01 17:03:50 +36,codec block,03f18502
TO7SE,/CHT_038.SKT,6660096,113391,2005-11-01 17:03:50 +36,codec block,03e6ba01
TO7SE,/CHT_039.SKT,6774784,265179,2005-11-01 17:03:50 +36,codec block,03d20b04
TO7SE,/CHT_040.SKT,7041024,304186,2005-11-06 20:46:03 +36,codec block,0331a404
TO7SE,/CHT_041.SKT,7346176,122780,2005-11-01 17:03:50 +36,codec block,0393df01
TO7SE,/CHT_042.SKT,7469056,238299,2005-11-06 20:46:10 +36,codec block,03d2a203
TO7SE,/CHT_043.SKT,7708672,126902,2005-11-01 17:03:50 +36,codec block,03adef01
TO7SE,/CHT_044.SKT,7835648,146778,2005-11-01 17:03:50 +36,codec block,03513d02
TO7SE,/CHT_045.SKT,7983104,267399,2005-11-01 17:03:51 +36,codec block,037e1404
TO7SE,/CHT_046.SKT,8251392,156344,2005-11-06 20:46:17 +36,codec block,03af6202
TO7SE,/CHT_047.SKT,8409088,274329,2005-11-01 17:03:51 +36,codec block,03902f04
TO7SE,/CHT_048.SKT,8683520,162665,2005-11-01 17:03:51 +36,codec block,03607b02
TO7SE,/CHT_049.SKT,8847360,290800,2005-11-06 20:46:23 +36,codec block,03e76f04
TO7SE,/CHT_050.SKT,9138176,182491,2005-11-06 20:46:29 +36,codec block,03d2c802
TO7SE,/CHT_051.SKT,9322496,132893,2005-11-01 17:03:51 +36,codec block,03140702
TO7SE,/CHT_052.SKT,9455616,199206,2005-11-01 17:03:51 +36,codec block,031d0a03
TO7SE,/CHT_053.SKT,9656320,143505,2005-11-01 17:03:51 +36,codec block,03883002
TO7SE,/CHT_054.SKT,9801728,228181,2005-11-01 17:03:51 +36,codec block,034c7b03
TO7SE,/CHT_055.SKT,10031104,219534,2005-11-01 17:03:51 +36,codec block,03855903
TO7SE,/CHT_056.SKT,10252288,309110,2005-11-06 20:46:36 +36,codec block,036db704
TO7SE,/CHT_057.SKT,10561536,129659,2005-11-01 17:03:51 +36,codec block,0372fa01
TO7SE,/CHT_058.SKT,10692608,302109,2005-11-01 17:03:51 +36,codec block,03149c04
TO7SE,/CHT_059.SKT,10995712,184662,2005-11-01 17:03:51 +36,codec block,034dd102
TO7SE,/CHT_060.SKT,11182080,131736,2005-11-01 17:03:51 +36,codec block,038f0202
TO7SE,/CHT_061.SKT,11315200,141234,2005-11-01 17:03:51 +36,codec block,03a92702
TO7SE,/CHT_062.SKT,11456512,177797,2005-11-01 17:03:51 +36,codec block,037cb602
TO7SE,/CHT_063.SKT,11634688,108373,2005-11-01 17:03:51 +36,codec block,034ca701
TO7SE,/CHT_064.SKT,11743232,209525,2005-11-01 17:03:51 +36,codec block,036c3203
TO7SE,/CHT_065.SKT,11954176,205310,2005-11-01 17:03:51 +36,codec block,03f52103
TO7SE,/CHT_066.SKT,12161024,108415,2005-11-01 17:03:51 +36,codec block,0376a701
TO7SE,/CHT_067.SKT,12269568,293831,2005-11-01 17:03:51 +36,codec block,03be7b04
TO7SE,/CHT_068.SKT,12564480,128962,2005-11-01 17:03:51 +36,codec block,03b9f701
TO7SE,/CHT_069.SKT,12693504,176935,2005-11-01 17:03:51 +36,codec block,031eb302
TO7SE,/CHT_070.SKT,12871680,273570,2005-11-01 17:03:51 +36,codec block,03992c04
TO7SE,/CHT_071.SKT,13146112,97505,2005-11-01 17:03:51 +36,codec block,03d87c01
TO7SE,/CHT_072.SKT,13244416,96668,2005-11-01 17:03:51 +36,codec block,03937901
TO7SE,/CHT_073.SKT,13342720,128943,2005-11-01 17:03:51 +36,codec block,03a6f701
TO7SE,/CHT_074.SKT,13471744,145810,2005-11-01 17:03:52 +36,codec block,03893902
TO7SE,/CHT_075.SKT,13619200,157998,2005-11-01 17:03:52 +36,codec block,03256902
TO7SE,/CHT_076.SKT,13778944,180633,2005-11-01 17:03:52 +36,codec block,0390c102
TO7SE,/CHT_077.SKT,13961216,230482,2005-11-01 17:03:52 +36,codec block,03498403
TO7SE,/CHT_078.SKT,14192640,238660,2005-11-01 17:03:52 +36,codec block,033ba403
TO7SE,/CHT_079.SKT,14432256,192528,2005-11-01 17:03:52 +36,codec block,0307f002
TO7SE,/CHT_080.SKT,14626816,178755,2005-11-01 17:03:52 +36,codec block,033aba02
TO7SE,/CHT_081.SKT,14807040,169010,2005-11-01 17:03:52 +36,codec block,03299402
TO7SE,/CHT_082.SKT,14977024,179313,2005-11-01 17:03:52 +36,codec block,0368bc02
TO7SE,/CHT_083.SKT,15157248,221928,2005-11-01 17:03:52 +36,codec block,03df6203
TO7SE,/CHT_084.SKT,15380480,300229,2005-11-01 17:03:52 +36,codec block,03bc9404
TO7SE,/CHT_085.SKT,15681536,265002,2005-11-01 17:03:52 +36,codec block,03210b04
TO7SE,/CHT_086.SKT,15947776,259078,2005-11-01 17:03:52 +36,codec block,03fdf303
TO7SE,/CHT_087.SKT,16207872,126399,2005-11-06 23:17:26 +36,codec block,03b6ed01
TO7SE,/CHT_088.SKT,16334848,194122,2005-11-01 17:03:52 +36,codec block,0341f602
TO7SE,/CHT_089.SKT,16529408,208080,2005-11-01 17:03:52 +36,codec block,03c72c03
TO7SE,/CHT_090.SKT,16738304,138933,2005-11-01 17:03:52 +36,codec block,03ac1e02
TO7SE,/CHT_091.SKT,16877568,288550,2005-11-01 17:03:52 +36,codec block,031d6704
TO7SE,/CHT_092.SKT,17166336,222325,2005-11-01 17:03:52 +36,codec block,036c6403
TO7SE,/CHT_093.SKT,17389568,273874,2005-11-01 17:03:52 +36,codec block,03c92d04
TO7SE,/CHT_094.SKT,17664000,297175,2005-11-01 17:03:52 +36,codec block,03ce8804
TO7SE,/CHT_095.SKT,17963008,300434,2005-11-01 17:03:52 +36,codec block,03899504
TO7SE,/CHT_096.SKT,18264064,303127,2005-11-01 17:03:52 +36,codec block,030ea004
TO7SE,/CHT_097.SKT,18569216,154061,2005-11-01 17:03:52 +36,codec block,03c45902
TO7SE,/CHT_098.SKT,18724864,262932,2005-11-01 17:03:52 +36,codec block,030b0304
TO7SE,/CHT_099.SKT,18989056,145299,2005-11-01 17:03:52 +36,codec block,038a3702
TO7SE,/CHT_100.SKT,19134464,303792,2005-11-01 17:03:52 +36,codec block,03a7a204
TO7SE,/CHT_101.SKT,19439616,219635,2005-11-01 17:03:52 +36,codec block,03ea5903
TO7SE,/CHT_102.SKT,19660800,210108,2005-11-01 17:03:52 +36,codec block,03b33403
TO7SE,/CHT_103.SKT,19871744,178925,2005-11-01 17:03:52 +36,codec block,03e4ba02
TO7SE,/CHT_104.SKT,20051968,86703,2005-11-01 17:03:53 +36,codec block,03a65201
TO7SE,/CHT_105.SKT,20140032,287813,2005-11-01 17:03:53 +36,codec block,033c6404
TO7SE,/CHT_106.SKT,20428800,240517,2005-11-01 17:03:53 +36,codec block,037cab03
TO7SE,/CHT_107.SKT,20670464,194573,2005-11-01 17:03:53 +36,codec block,0304f802
TO7SE,/CHT_108.SKT,20867072,249593,2005-11-01 17:03:53 +36,codec block,03f0ce03
TO7SE,/CHT_109.SKT,21116928,137940,2005-11-01 17:03:53 +36,codec block,03cb1a02
TO7SE,/CHT_110.SKT,21256192,151510,2005-11-01 17:03:53 +36,codec block,03cd4f02
TO7SE,/CHT_111.SKT,21407744,299249,2005-11-01 17:03:53 +36,codec block,03e89004
TO7SE,/CHT_112.SKT,21708800,81525,2005-11-01 17:03:53 +36,codec block,036c3e01
TO7SE,/CHT_113.SKT,21790720,180826,2005-11-01 17:03:53 +36,codec block,0351c202
TO7SE,/CHT_114.SKT,21972992,99610,2005-11-01 17:03:53 +36,codec block,03118501
TO7SE,/CHT_115.SKT,22073344,135065,2005-11-01 17:03:53 +36,codec block,03900f02
TO7SE,/CHT_116.SKT,22208512,279237,2005-11-01 17:03:53 +36,codec block,03bc4204
TO7SE,/CHT_117.SKT,22489088,36120,2005-11-01 17:03:53 +36,codec block,030f8d00
TO7SE,/CHT_118.SKT,22525952,294738,2005-11-01 17:03:53 +36,codec block,03497f04
TO7SE,/CHT_119.SKT,22820864,274689,2005-11-01 17:03:53 +36,codec block,03f83004
TO7SE,/CHT_120.SKT,23097344,97389,2005-11-01 17:03:53 +36,codec block,03647c01
TO7SE,/CHT_121.SKT,23195648,171862,2005-11-01 17:03:53 +36,codec block,034d9f02
TO7SE,/CHT_122.SKT,23367680,278540,2005-11-01 17:03:53 +36,codec block,03034004
TO7SE,/CHT_123.SKT,23648256,287407,2005-11-01 17:03:53 +36,codec block,03a66204
TO7SE,/CHT_124.SKT,23937024,226209,2005-11-01 17:03:53 +36,codec block,03987303
TO7SE,/CHT_125.SKT,24164352,301995,2005-11-01 17:03:53 +36,codec block,03a29b04
TO7SE,/CHT_126.SKT,24467456,292032,2005-11-01 17:03:53 +36,codec block,03b77404
TO7SE,/CHT_127.SKT,24760320,172329,2005-11-01 17:03:53 +36,codec block,0320a102
TO7SE,/CHT_128.SKT,24934400,200776,2005-11-07 10:57:29 +36,codec block,033f1003
TO7SE,/CHT_129.SKT,25137152,147343,2005-11-01 17:03:53 +36,codec block,03863f02
TO7SE,/CHT_130.SKT,25284608,294273,2005-11-01 17:03:54 +36,codec block,03787d04
TO7SE,/CHT_131.SKT,25579520,135355,2005-11-01 17:03:54 +36,codec block,03b21002
TO7SE,/CHT_132.SKT,25716736,187468,2005-11-01 17:03:54 +36,codec block,0343dc02
TO7SE,/CHT_133.SKT,25905152,291302,2005-11-01 17:03:54 +36,codec block,03dd7104
TO7SE,/CHT_134.SKT,26198016,37924,2005-11-01 17:03:54 +36,codec block,011b9400
TO7SE,/CHT_135.SKT,26236928,198203,2005-11-01 17:03:54 +36,codec block,03320603
TO7SE,/CHT_136.SKT,26435584,214929,2005-11-01 17:03:54 +36,codec block,03884703
TO7SE,/CHT_137.SKT,26650624,90850,2005-11-01 17:03:54 +36,codec block,03d96201
TO7SE,/CHT_138.SKT,26742784,188868,2005-11-01 17:03:54 +36,codec block,03bbe102
TO7SE,/CHT_139.SKT,26933248,129147,2005-11-01 17:03:54 +36,codec block,0372f801
TO7SE,/CHT_140.SKT,27064320,191448,2005-11-01 17:03:54 +36,codec block,03cfeb02
TO7SE,/CHT_141.SKT,27256832,205415,2005-11-01 17:03:54 +36,codec block,035e2203
TO7SE,/CHT_142.SKT,27463680,194388,2005-11-01 17:03:54 +36,codec block,034bf702
TO7SE,/CHT_143.SKT,27658240,194667,2005-11-01 17:03:54 +36,codec block,0362f802
TO7SE,/CHT_144.SKT,27854848,203867,2005-11-06 23:17:26 +36,codec block,03521c03
TO7SE,/CHT_145.SKT,28059648,202947,2005-11-01 17:03:54 +36,codec block,03ba1803
TO7SE,/CHT_146.SKT,28264448,239401,2005-11-01 17:03:54 +36,codec block,0320a703
TO7SE,/CHT_147.SKT,28504064,147322,2005-11-01 17:03:54 +36,codec block,03713f02
TO7SE,/CHT_148.SKT,28651520,264693,2005-11-01 17:03:54 +36,codec block,03ec0904
TO7SE,/CHT_149.SKT,28917760,264624,2005-11-01 17:03:54 +36,codec block,03a70904
TO7SE,/CHT_150.SKT,29184000,287107,2005-11-01 17:03:54 +36,codec block,037a6104
TO7SE,/CHT_151.SKT,29472768,112549,2005-11-01 17:03:54 +36,codec block,039cb701
TO7SE,/CHT_152.SKT,29585408,303028,2005-11-01 17:03:54 +36,codec block,03ab9f04
TO7SE,/CHT_153.SKT,29888512,220563,2005-11-01 17:03:54 +36,codec block,038a5d03
TO7SE,/CHT_154.SKT,30109696,231129,2005-11-01 17:03:54 +36,codec block,03d08603
TO7SE,/CHT_155.SKT,30341120,286045,2005-11-01 17:03:54 +36,codec block,03545d04
TO7SE,/CHT_156.SKT,30627840,256458,2005-11-01 17:03:54 +36,codec block,03c1e903
TO7SE,/CHT_157.SKT,30885888,246806,2005-11-01 17:03:54 +36,codec block,030dc403
TO7SE,/CHT_158.SKT,31133696,280075,2005-11-01 17:03:55 +36,codec block,03024604
TO7SE,/CHT_159.SKT,31414272,291987,2005-11-01 17:03:55 +36,codec block,038a7404
TO7SE,/CHT_160.SKT,31707136,279845,2005-11-01 17:03:55 +36,codec block,031c4504
TO7SE,/CHT_161.SKT,31987712,317466,2005-11-01 17:03:55 +36,codec block,0311d804
TO7SE,/CHT_162.SKT,32307200,221441,2005-11-01 17:03:55 +36,codec block,03f86003
TO7SE,/CHT_163.SKT,32530432,289250,2005-11-01 17:03:55 +36,codec block,03d96904
TO7SE,/CHT_164.SKT,32821248,295754,2005-11-01 17:03:55 +36,codec block,03418304
TO7SE,/CHT_165.SKT,33118208,292657,2005-11-01 17:03:55 +36,codec block,03287704
TO7SE,/CHT_166.SKT,33411072,230293,2005-11-01 17:03:55 +36,codec block,038c8303
TO7SE,/CHT_167.SKT,33642496,303195,2005-11-01 17:03:55 +36,codec block,0352a004
TO7SE,/CHT_168.SKT,33947648,1647,2005-11-01 17:03:55 +36,codec block,01660600
TO7SE,/CHT_169.SKT,33949696,244943,2005-11-01 17:03:55 +36,codec block,03c6bc03
TO7SE,/CHT_170.SKT,34195456,233675,2005-11-01 17:03:55 +36,codec block,03c29003
TO7SE,/CHT_171.SKT,34430976,300023,2005-11-01 17:03:55 +36,codec block,03ee9304
TO7SE,/CHT_172.SKT,34732032,214771,2005-11-01 17:03:55 +36,codec block,03ea4603
TO7SE,/CHT_173.SKT,34947072,77058,2005-11-01 17:03:55 +36,codec block,03f92c01
TO7SE,/CHT_174.SKT,35024896,256362,2005-11-01 17:03:55 +36,codec block,0361e903
TO7SE,/CHT_175.SKT,35282944,235969,2005-11-01 17:03:55 +36,codec block,03b89903
TO7SE,/CHT_176.SKT,35520512,212256,2005-11-01 17:03:55 +36,codec block,03173d03
TO7SE,/CHT_177.SKT,35733504,284266,2005-11-01 17:03:55 +36,codec block,03615604
TO7SE,/CHT_178.SKT,36018176,144354,2005-11-01 17:03:55 +36,codec block,03d93302
TO7SE,/CHT_179.SKT,36163584,247241,2005-11-01 17:03:55 +36,codec block,03c0c503
TO7SE,/CHT_180.SKT,36411392,241449,2005-11-01 17:03:55 +36,codec block,0320af03
TO7SE,/CHT_181.SKT,36653056,113904,2005-11-01 17:03:55 +36,codec block,03e7bc01
TO7SE,/CHT_182.SKT,36767744,225216,2005-11-01 17:03:55 +36,codec block,03b76f03
TO7SE,/CHT_183.SKT,36993024,254524,2005-11-01 17:03:55 +36,codec block,0333e203
TO7SE,/CHT_184.SKT,37249024,339836,2005-11-01 17:03:56 +36,codec block,03732f05
TO7SE,/CHT_185.SKT,37588992,169746,2005-11-01 17:03:56 +36,codec block,03099702
TO7SE,/CHT_186.SKT,37758976,196286,2005-11-06 23:17:26 +36,codec block,03b5fe02
TO7SE,/CHT_187.SKT,37955584,177351,2005-11-01 17:03:56 +36,codec block,03beb402
TO7SE,/CHT_188.SKT,38133760,184447,2005-11-01 17:03:56 +36,codec block,0376d002
TO7SE,/CHT_189.SKT,38320128,30756,2005-11-01 17:03:56 +36,codec block,031b7800
TO7SE,/CHT_190.SKT,38352896,51499,2005-11-01 17:03:56 +36,codec block,0322c900
TO7SE,/CHT_191.SKT,38406144,41687,2005-11-01 17:03:56 +36,codec block,03cea200
TO7SE,/CHT_192.SKT,38449152,31479,2005-11-01 17:03:56 +36,codec block,03ee7a00
TO7SE,/CHT_193.SKT,38481920,135203,2005-11-01 17:03:56 +36,codec block,031a1002
TO7SE,/CHT_194.SKT,38619136,193090,2005-11-01 17:03:56 +36,codec block,0339f202
TO7SE,/CHT_195.SKT,38813696,206661,2005-11-01 17:03:56 +36,codec block,033c2703
TO7SE,/CHT_196.SKT,39020544,190735,2005-11-01 17:03:56 +36,codec block,0306e902
TO7SE,/CHT_197.SKT,39213056,172114,2005-11-01 17:03:56 +36,codec block,0349a002
TO7SE,/CHT_198.SKT,39387136,183613,2005-11-01 17:03:56 +36,codec block,0334cd02
TO7SE,/CHT_199.SKT,39571456,213634,2005-11-01 17:03:56 +36,codec block,03794203
TO7SE,/CHT_200.SKT,39786496,299540,2005-11-01 17:03:56 +36,codec block,030b9204
TO7SE,/CHT_201.SKT,40087552,286712,2005-11-01 17:03:56 +36,codec block,03ef5f04
TO7SE,/CHT_202.SKT,40374272,306543,2005-11-01 17:03:56 +36,codec block,0366ad04
TO7SE,/CHT_203.SKT,40681472,211202,2005-11-01 17:03:56 +36,codec block,03f93803
TO7SE,/CHT_204.SKT,40894464,100343,2005-11-01 17:03:56 +36,codec block,03ee8701
TO7SE,/CHT_205.SKT,40994816,185416,2005-11-01 17:03:56 +36,codec block,033fd402
TO7SE,/CHT_206.SKT,41181184,255355,2005-11-01 17:03:56 +36,codec block,0372e503
TO7SE,/CHT_207.SKT,41437184,284993,2005-11-01 17:03:56 +36,codec block,03385904
TO7SE,/CHT_208.SKT,41723904,288909,2005-11-01 17:03:56 +36,codec block,03846804
TO7SE,/CHT_209.SKT,42014720,198564,2005-11-01 17:03:56 +36,codec block,039b0703
TO7SE,/CHT_210.SKT,42213376,194225,2005-11-01 17:03:56 +36,codec block,03a8f602
TO7SE,/CHT_211.SKT,42407936,190453,2005-11-01 17:03:56 +36,codec block,03ece702
TO7SE,/CHT_212.SKT,42598400,301057,2005-11-01 17:03:56 +36,codec block,03f89704
TO7SE,/CHT_213.SKT,42901504,198786,2005-11-01 17:03:56 +36,codec block,03790803
TO7SE,/CHT_214.SKT,43102208,155410,2005-11-01 17:03:56 +36,codec block,03095f02
TO7SE,/CHT_215.SKT,43257856,302371,2005-11-01 17:03:56 +36,codec block,031a9d04
TO7SE,/CHT_216.SKT,43560960,211831,2005-11-01 17:03:56 +36,codec block,036e3b03
TO7SE,/CHT_217.SKT,43773952,274037,2005-11-01 17:03:56 +36,codec block,036c2e04
TO7SE,/CHT_218.SKT,44048384,244093,2005-11-01 17:03:56 +36,codec block,0374b903
TO7SE,/CHT_219.SKT,44294144,178493,2005-11-01 17:03:56 +36,codec block,0334b902
TO7SE,/CHT_220.SKT,44474368,217559,2005-11-01 17:03:56 +36,codec block,03ce5103
TO7SE,/CHT_221.SKT,44693504,175871,2005-11-01 17:03:57 +36,codec block,03f6ae02
TO7SE,/CHT_222.SKT,44869632,179338,2005-11-01 17:03:57 +36,codec block,0381bc02
TO7SE,/CHT_223.SKT,45049856,161675,2005-11-01 17:03:57 +36,codec block,03827702
TO7SE,/CHT_224.SKT,45211648,200524,2005-11-01 17:03:57 +36,codec block,03430f03
TO7SE,/CHT_225.SKT,45412352,303329,2005-11-01 17:03:57 +36,codec block,03d8a004
TO7SE,/CHT_226.SKT,45717504,293040,2005-11-01 17:03:57 +36,codec block,03a77804
TO7SE,/CHT_227.SKT,46012416,125245,2005-11-01 17:03:57 +36,codec block,0334e901
TO7SE,/CHT_228.SKT,46139392,297255,2005-11-01 17:03:57 +36,codec block,031e8904
TO7SE,/CHT_229.SKT,46438400,301254,2005-11-01 17:03:57 +36,codec block,03bd9804
TO7SE,/CHT_230.SKT,46741504,140422,2005-11-01 17:03:57 +36,codec block,037d2402
TO7SE,/CHT_231.SKT,46882816,165751,2005-11-01 17:03:57 +36,codec block,036e8702
TO7SE,/CHT_232.SKT,47048704,1647,2005-11-01 17:03:57 +36,codec block,01660600
TO7SE,/CHT_233.SKT,47050752,146716,2005-11-01 17:03:57 +36,codec block,03133d02
TO7SE,/CHT_234.SKT,47198208,253405,2005-11-01 17:03:57 +36,codec block,03d4dd03
TO7SE,/CHT_235.SKT,47452160,251113,2005-11-01 17:03:57 +36,codec block,03e0d403
TO7SE,/CHT_236.SKT,47704064,238136,2005-11-01 17:03:57 +36,codec block,032fa203
TO7SE,/CHT_237.SKT,47943680,187510,2005-11-01 17:03:57 +36,codec block,036ddc02
TO7SE,/CHT_238.SKT,48132096,303471,2005-11-01 17:03:57 +36,codec block,0366a104
TO7SE,/CHT_239.SKT,48437248,150392,2005-11-01 17:03:57 +36,codec block,036f4b02
TO7SE,/CHT_240.SKT,48588800,244059,2005-11-01 17:03:57 +36,codec block,0352b903
TO7SE,/CHT_241.SKT,48834560,302082,2005-11-01 17:03:57 +36,codec block,03f99b04
TO7SE,/CHT_242.SKT,49137664,182598,2005-11-01 17:03:57 +36,codec block,033dc902
TO7SE,/CHT_243.SKT,49321984,218885,2005-11-01 17:03:57 +36,codec block,03fc5603
TO7SE,/CHT_244.SKT,49541120,141639,2005-11-01 17:03:57 +36,codec block,033e2902
TO7SE,/CHT_245.SKT,49684480,299325,2005-11-01 17:03:57 +36,codec block,03349104
TO7SE,/CHT_246.SKT,49985536,149130,2005-11-01 17:03:57 +36,codec block,03814602
TO7SE,/CHT_247.SKT,50135040,209643,2005-11-01 17:03:57 +36,codec block,03e23203
TO7SE,/CHT_248.SKT,50345984,114165,2005-11-01 17:03:57 +36,codec block,03ecbd01
TO7SE,/CHT_249.SKT,50460672,253306,2005-11-01 17:03:58 +36,codec block,0371dd03
TO7SE,/CHT_250.SKT,50714624,175764,2005-11-01 17:03:58 +36,codec block,038bae02
TO7SE,/CHT_251.SKT,50890752,242557,2005-11-01 17:03:58 +36,codec block,0374b303
TO7SE,/CHT_252.SKT,51134464,185912,2005-11-01 17:03:58 +36,codec block,032fd602
TO7SE,/CHT_253.SKT,51320832,175585,2005-11-06 23:17:27 +36,codec block,03d8ad02
TO7SE,/CHT_254.SKT,51496960,256720,2005-11-01 17:03:58 +36,codec block,03c7ea03
TO7SE,/CHT_255.SKT,51755008,228560,2005-11-01 17:03:58 +36,codec block,03c77c03
TO7SE,/CHT_256.SKT,51984384,293339,2005-11-01 17:03:58 +36,codec block,03d27904
TO7SE,/CHT_257.SKT,52279296,186822,2005-11-01 17:03:58 +36,codec block,03bdd902
TO7SE,/CHT_258.SKT,52467712,277611,2005-11-01 17:03:58 +36,codec block,03623c04
TO7SE,/CHT_259.SKT,52746240,296294,2005-11-01 17:03:58 +36,codec block,035d8504
TO7SE,/CHT_260.SKT,53043200,302271,2005-11-01 17:03:58 +36,codec block,03b69c04
TO7SE,/CHT_261.SKT,53346304,190987,2005-11-01 17:03:58 +36,codec block,0302ea02
TO7SE,/CHT_262.SKT,53538816,297889,2005-11-01 17:03:58 +36,codec block,03988b04
TO7SE,/CHT_263.SKT,53837824,176979,2005-11-01 17:03:58 +36,codec block,034ab302
TO7SE,/CHT_264.SKT,54016000,134580,2005-11-01 17:03:58 +36,codec block,03ab0d02
TO7SE,/CHT_265.SKT,54151168,213428,2005-11-01 17:03:58 +36,codec block,03ab4103
TO7SE,/CHT_266.SKT,54366208,223350,2005-11-01 17:03:58 +36,codec block,036d6803
TO7SE,/CHT_267.SKT,54591488,233541,2005-11-01 17:03:58 +36,codec block,033c9003
TO7SE,/CHT_268.SKT,54827008,281327,2005-11-01 17:03:58 +36,codec block,03e64a04
TO7SE,/CHT_269.SKT,55109632,170862,2005-11-01 17:03:58 +36,codec block,03659b02
TO7SE,/CHT_270.SKT,55281664,225948,2005-11-01 17:03:58 +36,codec block,03937203
TO7SE,/CHT_271.SKT,55508992,297093,2005-11-01 17:03:58 +36,codec block,037c8804
TO7SE,/CHT_272.SKT,55808000,216986,2005-11-01 17:03:58 +36,codec block,03914f03
TO7SE,/CHT_273.SKT,56025088,265411,2005-11-01 17:03:58 +36,codec block,03ba0c04
TO7SE,/CHT_274.SKT,56291328,299486,2005-11-01 17:03:58 +36,codec block,03d59104
TO7SE,/CHT_275.SKT,56592384,198088,2005-11-01 17:03:58 +36,codec block,03bf0503
TO7SE,/CHT_276.SKT,56791040,98597,2005-11-01 17:03:58 +36,codec block,031c8101
TO7SE,/CHT_277.SKT,56891392,162237,2005-11-01 17:03:58 +36,codec block,03b47902
TO7SE,/CHT_278.SKT,57055232,146597,2005-11-01 17:03:58 +36,codec block,039c3c02
TO7SE,/CHT_279.SKT,57202688,234757,2005-11-01 17:03:59 +36,codec block,03fc9403
TO7SE,/CHT_280.SKT,57438208,187889,2005-11-01 17:03:59 +36,codec block,03e8dd02
TO7SE,/CHT_281.SKT,57626624,250722,2005-11-01 17:03:59 +36,codec block,0359d303
TO7SE,/CHT_282.SKT,57878528,177647,2005-11-01 17:03:59 +36,codec block,03e6b502
TO7SE,/CHT_283.SKT,58056704,184046,2005-11-01 17:03:59 +36,codec block,03e5ce02
TO7SE,/CHT_284.SKT,58241024,102774,2005-11-01 17:03:59 +36,codec block,036d9101
TO7SE,/CHT_285.SKT,58345472,255110,2005-11-01 17:03:59 +36,codec block,037de403
TO7SE,/CHT_286.SKT,58601472,159094,2005-11-01 17:03:59 +36,codec block,036d6d02
TO7SE,/CHT_287.SKT,58761216,264046,2005-11-01 17:03:59 +36,codec block,03650704
TO7SE,/CHT_288.SKT,59025408,247380,2005-11-01 17:03:59 +36,codec block,034bc603
TO7SE,/CHT_289.SKT,59273216,223316,2005-11-01 17:03:59 +36,codec block,034b6803
TO7SE,/CHT_290.SKT,59498496,227716,2005-11-01 17:03:59 +36,codec block,037b7903
TO7SE,/CHT_291.SKT,59727872,259626,2005-11-01 17:03:59 +36,codec block,0321f603
TO7SE,/CHT_292.SKT,59987968,294691,2005-11-01 17:03:59 +36,codec block,031a7f04
TO7SE,/CHT_293.SKT,60282880,174062,2005-11-01 17:03:59 +36,codec block,03e5a702
TO7SE,/CHT_294.SKT,60456960,295856,2005-11-01 17:03:59 +36,codec block,03a78304
TO7SE,/CHT_295.SKT,60753920,278419,2005-11-01 17:03:59 +36,codec block,038a3f04
TO7SE,/CHT_296.SKT,61032448,288197,2005-11-01 17:03:59 +36,codec block,03bc6504
TO7SE,/CHT_297.SKT,61321216,216699,2005-11-01 17:03:59 +36,codec block,03724e03
TO7SE,/CHT_298.SKT,61538304,290793,2005-11-01 17:03:59 +36,codec block,03e06f04
TO7SE,/CHT_299.SKT,61829120,305572,2005-11-01 17:03:59 +36,codec block,039ba904
TO7SE,/CHT_300.SKT,62136320,164173,2005-11-01 17:03:59 +36,codec block,03448102
TO7SE,/CHT_301.SKT,62302208,253774,2005-11-01 17:03:59 +36,codec block,0345df03
TO7SE,/CHT_302.SKT,62556160,151721,2005-11-01 17:03:59 +36,codec block,03a05002
TO7SE,/CHT_303.SKT,62709760,189811,2005-11-01 17:03:59 +36,codec block,036ae502
TO7SE,/CHT_304.SKT,62900224,200024,2005-11-01 17:04:00 +36,codec block,034f0d03
TO7SE,/CHT_305.SKT,63100928,158156,2005-11-01 17:04:00 +36,codec block,03c36902
TO7SE,/CHT_306.SKT,63260672,139453,2005-11-01 17:04:00 +36,codec block,03b42002
TO7SE,/CHT_307.SKT,63401984,208020,2005-11-01 17:04:00 +36,codec block,038b2c03
TO7SE,/CHT_308.SKT,63610880,161327,2005-11-01 17:04:00 +36,codec block,03267602
TO7SE,/CHT_309.SKT,63772672,176171,2005-11-01 17:04:00 +36,codec block,0322b002
TO7SE,/CHT_310.SKT,63950848,103698,2005-11-01 17:04:00 +36,codec block,03099501
TO7SE,/CHT_311.SKT,64055296,158349,2005-11-01 17:04:00 +36,codec block,03846a02
TO7SE,/CHT_312.SKT,64215040,151996,2005-11-01 17:04:00 +36,codec block,03b35102
TO7SE,/CHT_313.SKT,64368640,217751,2005-11-01 17:04:00 +36,codec block,038e5203
TO7SE,/CHT_314.SKT,64587776,295423,2005-11-01 17:04:00 +36,codec block,03f68104
TO7SE,/CHT_315.SKT,64884736,299942,2005-11-01 17:04:00 +36,codec block,039d9304
TO7SE,/CHT_316.SKT,65185792,293287,2005-11-01 17:04:00 +36,codec block,039e7904
TO7SE,/CHT_317.SKT,65480704,255623,2005-11-01 17:04:00 +36,codec block,037ee603
TO7SE,/CHT_318.SKT,65736704,300411,2005-11-01 17:04:00 +36,codec block,03729504
TO7SE,/CHT_319.SKT,66037760,272006,2005-11-01 17:04:00 +36,codec block,037d2604
TO7SE,/CHT_320.SKT,66310144,171456,2005-11-01 17:04:00 +36,codec block,03b79d02
TO7SE,/CHT_321.SKT,66482176,220158,2005-11-01 17:04:00 +36,codec block,03f55b03
TO7SE,/CHT_322.SKT,66703360,224909,2005-11-01 17:04:00 +36,codec block,03846e03
TO7SE,/CHT_323.SKT,66928640,266397,2005-11-01 17:04:00 +36,codec block,03941004
TO7SE,/CHT_324.SKT,67196928,236102,2005-11-01 17:04:00 +36,codec block,033d9a03
TO7SE,/CHT_325.SKT,67434496,249486,2005-11-01 17:04:00 +36,codec block,0385ce03
TO7SE,/CHT_326.SKT,67684352,119644,2005-11-01 17:04:00 +36,codec block,0353d301
TO7SE,/CHT_327.SKT,67805184,222809,2005-11-01 17:04:00 +36,codec block,03506603
TO7SE,/CHT_328.SKT,68028416,223234,2005-11-01 17:04:00 +36,codec block,03f96703
TO7SE,/CHT_329.SKT,68253696,251890,2005-11-01 17:04:00 +36,codec block,03e9d703
TO7SE,/CHT_330.SKT,68505600,113503,2005-11-01 17:04:00 +36,codec block,0356bb01
TO7SE,/CHT_331.SKT,68620288,296860,2005-11-01 17:04:00 +36,codec block,03938704
TO7SE,/CHT_332.SKT,68917248,36248,2005-11-01 17:04:00 +36,codec block,038f8d00
TO7SE,/CHT_333.SKT,68954112,191821,2005-11-01 17:04:00 +36,codec block,0344ed02
TO7SE,/CHT_334.SKT,69146624,157997,2005-11-09 15:53:24 +36,codec block,03246902
TO7SE,/CHT_335.SKT,69306368,68884,2005-11-01 17:04:00 +36,codec block,030b0d01
TO7SE,/CHT_336.SKT,69376000,221893,2005-11-01 17:04:01 +36,codec block,03bc6203
TO7SE,/CHT_337.SKT,69599232,93893,2005-11-01 17:04:01 +36,codec block,03bc6e01
TO7SE,/CHT_338.SKT,69693440,149184,2005-11-01 17:04:01 +36,codec block,03b74602
TO7SE,/CHT_339.SKT,69842944,168028,2005-11-01 17:04:01 +36,codec block,03539002
TO7SE,/CHT_340.SKT,70012928,294065,2005-11-01 17:04:01 +36,codec block,03a87c04
TO7SE,/CHT_341.SKT,70307840,198470,2005-11-01 17:04:01 +36,codec block,033d0703
TO7SE,/CHT_342.SKT,70506496,276855,2005-11-01 17:04:01 +36,codec block,036e3904
TO7SE,/CHT_343.SKT,70785024,201851,2005-11-01 17:04:01 +36,codec block,03721403
TO7SE,/CHT_344.SKT,70987776,263001,2005-11-01 17:04:01 +36,codec block,03500304
TO7SE,/CHT_345.SKT,71251968,272232,2005-11-01 17:04:01 +36,codec block,035f2704
TO7SE,/CHT_346.SKT,71524352,242560,2005-11-01 17:04:01 +36,codec block,0377b303
TO7SE,/CHT_347.SKT,71768064,302376,2005-11-01 17:04:01 +36,codec block,031f9d04
TO7SE,/CHT_348.SKT,72071168,304516,2005-11-01 17:04:01 +36,codec block,037ba504
TO7SE,/CHT_349.SKT,72376320,220972,2005-11-01 17:04:01 +36,codec block,03235f03
TO7SE,/CHT_350.SKT,72597504,289287,2005-11-01 17:04:01 +36,codec block,03fe6904
TO7SE,/CHT_351.SKT,72888320,308874,2005-11-01 17:04:01 +36,codec block,0381b604
TO7SE,/CHT_352.SKT,73197568,264289,2005-11-01 17:04:01 +36,codec block,03580804
TO7SE,/CHT_353.SKT,73463808,306122,2005-11-01 17:04:01 +36,codec block,03c1ab04
TO7SE,/CHT_354.SKT,73771008,133589,2005-11-01 17:04:01 +36,codec block,03cc0902
TO7SE,/CHT_355.SKT,73906176,288603,2005-11-01 17:04:01 +36,codec block,03526704
TO7SE,/CHT_356.SKT,74194944,279331,2005-11-01 17:04:01 +36,codec block,031a4304
TO7SE,/CHT_357.SKT,74475520,228858,2005-11-01 17:04:02 +36,codec block,03f17d03
TO7SE,/CHT_358.SKT,74704896,216352,2005-11-01 17:04:02 +36,codec block,03174d03
TO7SE,/CHT_359.SKT,74921984,305829,2005-11-01 17:04:02 +36,codec block,039caa04
TO7SE,/CHT_360.SKT,75229184,195497,2005-11-01 17:04:02 +36,codec block,03a0fb02
TO7SE,/CHT_361.SKT,75425792,260169,2005-11-01 17:04:02 +36,codec block,0340f803
TO7SE,/CHT_362.SKT,75687936,143136,2005-11-01 17:04:02 +36,codec block,03172f02
TO7SE,/CHT_363.SKT,75831296,266656,2005-11-01 17:04:02 +36,codec block,03971104
TO7SE,/CHT_364.SKT,76099584,305061,2005-11-01 17:04:02 +36,codec block,039ca704
TO7SE,/CHT_365.SKT,76404736,179128,2005-11-01 17:04:02 +36,codec block,03afbb02
TO7SE,/CHT_366.SKT,76584960,185579,2005-11-01 17:04:02 +36,codec block,03e2d402
TO7SE,/CHT_367.SKT,76771328,233006,2005-11-01 17:04:02 +36,codec block,03258e03
TO7SE,/CHT_368.SKT,77004800,213910,2005-11-01 17:04:02 +36,codec block,038d4303
TO7SE,/CHT_369.SKT,77219840,291127,2005-11-01 17:04:02 +36,codec block,032e7104
TO7SE,/CHT_370.SKT,77512704,204328,2005-11-01 17:04:02 +36,codec block,031f1e03
TO7SE,/CHT_371.SKT,77717504,210732,2005-11-01 17:04:02 +36,codec block,03233703
TO7SE,/CHT_372.SKT,77928448,293281,2005-11-01 17:04:02 +36,codec block,03987904
TO7SE,/CHT_373.SKT,78223360,224827,2005-11-01 17:04:02 +36,codec block,03326e03
TO7SE,/CHT_374.SKT,78448640,197538,2005-11-01 17:04:02 +36,codec block,03990303
TO7SE,/CHT_375.SKT,78647296,92171,2005-11-01 17:04:02 +36,codec block,03026801
TO7SE,/CHT_376.SKT,78741504,153048,2005-11-01 17:04:02 +36,codec block,03cf5502
TO7SE,/CHT_377.SKT,78895104,174264,2005-11-01 17:04:02 +36,codec block,03afa802
TO7SE,/CHT_378.SKT,79071232,99849,2005-11-01 17:04:02 +36,codec block,03008601
TO7SE,/CHT_379.SKT,79171584,138724,2005-11-01 17:04:02 +36,codec block,03db1d02
TO7SE,/CHT_380.SKT,79310848,291976,2005-11-01 17:04:02 +36,codec block,037f7404
TO7SE,/CHT_381.SKT,79603712,202638,2005-11-01 17:04:02 +36,codec block,03851703
TO7SE,/CHT_382.SKT,79806464,103554,2005-11-01 17:04:02 +36,codec block,03799401
TO7SE,/CHT_383.SKT,79910912,306470,2005-11-01 17:04:02 +36,codec block,031dad04
TO7SE,/CHT_384.SKT,80218112,123678,2005-11-01 17:04:02 +36,codec block,0315e301
TO7SE,/CHT_385.SKT,80343040,144599,2005-11-01 17:04:03 +36,codec block,03ce3402
TO7SE,/CHT_386.SKT,80488448,216026,2005-11-01 17:04:03 +36,codec block,03d14b03
TO7SE,/CHT_387.SKT,80705536,297676,2005-11-01 17:04:03 +36,codec block,03c38a04
TO7SE,/CHT_388.SKT,81004544,196506,2005-11-01 17:04:03 +36,codec block,0391ff02
TO7SE,/CHT_389.SKT,81201152,163160,2005-11-01 17:04:03 +36,codec block,034f7d02
TO7SE,/CHT_390.SKT,81364992,260834,2005-11-01 17:04:03 +36,codec block,03d9fa03
TO7SE,/CHT_391.SKT,81627136,109018,2005-11-01 17:04:03 +36,codec block,03d1a901
TO7SE,/CHT_392.SKT,81737728,173264,2005-11-01 17:04:03 +36,codec block,03c7a402
TO7SE,/CHT_393.SKT,81911808,129605,2005-11-01 17:04:03 +36,codec block,033cfa01
TO7SE,/CHT_394.SKT,82042880,152397,2005-11-01 17:04:03 +36,codec block,03445302
TO7SE,/CHT_395.SKT,82196480,40903,2005-11-01 17:04:03 +36,codec block,03be9f00
TO7SE,/CHT_396.SKT,82237440,190733,2005-11-01 17:04:03 +36,codec block,0304e902
TO7SE,/CHT_397.SKT,82429952,240517,2005-11-01 17:04:03 +36,codec block,037cab03
TO7SE,/CHT_398.SKT,82671616,254666,2005-11-01 17:04:03 +36,codec block,03c1e203
TO7SE,/CHT_399.SKT,82927616,299893,2005-11-01 17:04:03 +36,codec block,036c9304
TO7SE,/CHT_400.SKT,83228672,221105,2005-11-01 17:04:03 +36,codec block,03a85f03
TO7SE,/CHT_401.SKT,83449856,261225,2005-11-01 17:04:03 +36,codec block,0360fc03
TO7SE,/CHT_402.SKT,83712000,215953,2005-11-01 17:04:03 +36,codec block,03884b03
TO7SE,/CHT_403.SKT,83929088,298423,2005-11-01 17:04:03 +36,codec block,03ae8d04
TO7SE,/CHT_404.SKT,84228096,217558,2005-11-01 17:04:03 +36,codec block,03cd5103
TO7SE,/CHT_405.SKT,84447232,204486,2005-11-01 17:04:03 +36,codec block,03bd1e03
TO7SE,/CHT_406.SKT,84652032,219193,2005-11-01 17:04:03 +36,codec block,03305803
TO7SE,/CHT_407.SKT,84873216,139832,2005-11-01 17:04:03 +36,codec block,032f2202
TO7SE,/CHT_408.SKT,85014528,137758,2005-11-01 17:04:03 +36,codec block,03151a02
TO7SE,/CHT_409.SKT,85153792,223964,2005-11-01 17:04:03 +36,codec block,03d36a03
TO7SE,/CHT_410.SKT,85379072,250910,2005-11-01 17:04:03 +36,codec block,0315d403
TO7SE,/CHT_411.SKT,85630976,218438,2005-11-01 17:04:03 +36,codec block,033d5503
TO7SE,/CHT_412.SKT,85850112,299122,2005-11-01 17:04:03 +36,codec block,03699004
TO7SE,/CHT_413.SKT,86151168,246824,2005-11-01 17:04:04 +36,codec block,031fc403
TO7SE,/CHT_414.SKT,86398976,169808,2005-11-01 17:04:04 +36,codec block,03479702
TO7SE,/CHT_415.SKT,86568960,295130,2005-11-01 17:04:04 +36,codec block,03d18004
TO7SE,/CHT_416.SKT,86865920,301377,2005-11-01 17:04:04 +36,codec block,03389904
TO7SE,/CHT_417.SKT,87169024,282034,2005-11-01 17:04:04 +36,codec block,03a94d04
TO7SE,/CHT_418.SKT,87451648,197296,2005-11-01 17:04:04 +36,codec block,03a70203
TO7SE,/CHT_419.SKT,87650304,201240,2005-11-01 17:04:04 +36,codec block,030f1203
TO7SE,/CHT_420.SKT,87853056,214423,2005-11-01 17:04:04 +36,codec block,038e4503
TO7SE,/CHT_421.SKT,88068096,225639,2005-11-01 17:04:04 +36,codec block,035e7103
TO7SE,/CHT_422.SKT,88295424,202139,2005-11-01 17:04:04 +36,codec block,03921503
TO7SE,/CHT_423.SKT,88498176,220905,2005-11-01 17:04:04 +36,codec block,03e05e03
TO7SE,/CHT_424.SKT,88719360,156598,2005-11-01 17:04:04 +36,codec block,03ad6302
TO7SE,/CHT_425.SKT,88877056,234644,2005-11-01 17:04:04 +36,codec block,038b9403
TO7SE,/CHT_426.SKT,89112576,245323,2005-11-01 17:04:04 +36,codec block,0342be03
TO7SE,/CHT_427.SKT,89358336,276467,2005-11-01 17:04:04 +36,codec block,03ea3704
TO7SE,/CHT_428.SKT,89634816,209610,2005-11-01 17:04:04 +36,codec block,03c13203
TO7SE,/CHT_429.SKT,89845760,246181,2005-11-01 17:04:04 +36,codec block,039cc103
TO7SE,/CHT_430.SKT,90093568,289986,2005-11-01 17:04:04 +36,codec block,03b96c04
TO7SE,/CHT_431.SKT,90384384,292532,2005-11-01 17:04:04 +36,codec block,03ab7604
TO7SE,/CHT_432.SKT,90677248,249021,2005-11-01 17:04:04 +36,codec block,03b4cc03
TO7SE,/CHT_433.SKT,90927104,306783,2005-11-01 17:04:04 +36,codec block,0356ae04
TO7SE,/CHT_434.SKT,91234304,193875,2005-11-01 17:04:04 +36,codec block,034af502
TO7SE,/CHT_435.SKT,91428864,287678,2005-11-01 17:04:04 +36,codec block,03b56304
TO7SE,/CHT_436.SKT,91717632,244741,2005-11-01 17:04:04 +36,codec block,03fcbb03
TO7SE,/CHT_437.SKT,91963392,299538,2005-11-01 17:04:04 +36,codec block,03099204
TO7SE,/CHT_438.SKT,92264448,301034,2005-11-01 17:04:04 +36,codec block,03e19704
TO7SE,/CHT_439.SKT,92565504,297702,2005-11-01 17:04:04 +36,codec block,03dd8a04
TO7SE,/CHT_440.SKT,92864512,169074,2005-11-01 17:04:04 +36,codec block,03699402
TO7SE,/CHT_441.SKT,93034496,235975,2005-11-01 17:04:05 +36,codec block,03be9903
TO7SE,/CHT_442.SKT,93272064,173619,2005-11-01 17:04:05 +36,codec block,032aa602
TO7SE,/CHT_443.SKT,93446144,282042,2005-11-01 17:04:05 +36,codec block,03b14d04
TO7SE,/CHT_444.SKT,93728768,206799,2005-11-01 17:04:05 +36,codec block,03c62703
TO7SE,/CHT_445.SKT,93935616,158618,2005-11-01 17:04:05 +36,codec block,03916b02
TO7SE,/CHT_446.SKT,94095360,244303,2005-11-01 17:04:05 +36,codec block,0346ba03
TO7SE,/CHT_447.SKT,94341120,266497,2005-11-01 17:04:05 +36,codec block,03f81004
TO7SE,/CHT_448.SKT,94609408,280001,2005-11-01 17:04:05 +36,codec block,03b84504
TO7SE,/CHT_449.SKT,94889984,284410,2005-11-01 17:04:05 +36,codec block,03f15604
TO7SE,/CHT_450.SKT,95174656,92002,2005-11-01 17:04:05 +36,codec block,03596701
TO7SE,/CHT_451.SKT,95266816,253154,2005-11-01 17:04:05 +36,codec block,03d9dc03
TO7SE,/CHT_452.SKT,95520768,143627,2005-11-01 17:04:05 +36,codec block,03023102
TO7SE,/CHT_453.SKT,95666176,244201,2005-11-01 17:04:05 +36,codec block,03e0b903
TO7SE,/CHT_454.SKT,95911936,290470,2005-11-01 17:04:05 +36,codec block,039d6e04
TO7SE,/CHT_455.SKT,96202752,312181,2005-11-01 17:04:05 +36,codec block,036cc304
TO7SE,/CHT_456.SKT,96516096,304941,2005-11-01 17:04:05 +36,codec block,0324a704
TO7SE,/CHT_457.SKT,96821248,201793,2005-11-01 17:04:05 +36,codec block,03381403
TO7SE,/CHT_458.SKT,97024000,169305,2005-11-01 17:04:05 +36,codec block,03509502
TO7SE,/CHT_459.SKT,97193984,246335,2005-11-01 17:04:05 +36,codec block,0336c203
TO7SE,/CHT_460.SKT,97441792,237311,2005-11-01 17:04:05 +36,codec block,03f69e03
TO7SE,/CHT_461.SKT,97679360,243043,2005-11-01 17:04:06 +36,codec block,035ab503
TO7SE,/CHT_462.SKT,97923072,172336,2005-11-01 17:04:06 +36,codec block,0327a102
TO7SE,/CHT_463.SKT,98097152,227209,2005-11-01 17:04:06 +36,codec block,03807703
TO7SE,/CHT_464.SKT,98324480,228708,2005-11-01 17:04:06 +36,codec block,035b7d03
TO7SE,/CHT_465.SKT,98553856,296521,2005-11-01 17:04:06 +36,codec block,03408604
TO7SE,/CHT_466.SKT,98850816,210408,2005-11-01 17:04:06 +36,codec block,03df3503
TO7SE,/CHT_467.SKT,99061760,197527,2005-11-01 17:04:06 +36,codec block,038e0303
TO7SE,/CHT_468.SKT,99260416,176335,2005-11-01 17:04:06 +36,codec block,03c6b002
TO7SE,/CHT_469.SKT,99438592,197352,2005-11-01 17:04:06 +36,codec block,03df0203
TO7SE,/CHT_470.SKT,99637248,146297,2005-11-01 17:04:06 +36,codec block,03703b02
TO7SE,/CHT_471.SKT,99784704,297668,2005-11-01 17:04:06 +36,codec block,03bb8a04
TO7SE,/CHT_472.SKT,100083712,307423,2005-11-01 17:04:06 +36,codec block,03d6b004
TO7SE,/CHT_473.SKT,100392960,303485,2005-11-01 17:04:06 +36,codec block,0374a104
TO7SE,/CHT_474.SKT,100698112,229149,2005-11-01 17:04:06 +36,codec block,03147f03
TO7SE,/CHT_475.SKT,100927488,264863,2005-11-01 17:04:06 +36,codec block,03960a04
TO7SE,/CHT_476.SKT,101193728,209688,2005-11-01 17:04:06 +36,codec block,030f3303
TO7SE,/CHT_477.SKT,101404672,286854,2005-11-01 17:04:06 +36,codec block,037d6004
TO7SE,/CHT_478.SKT,101693440,259652,2005-11-01 17:04:06 +36,codec block,033bf603
TO7SE,/CHT_479.SKT,101953536,228329,2005-11-01 17:04:06 +36,codec block,03e07b03
TO7SE,/CHT_480.SKT,102182912,274560,2005-11-01 17:04:06 +36,codec block,03773004
TO7SE,/CHT_481.SKT,102459392,154650,2005-11-01 17:04:06 +36,codec block,03115c02
TO7SE,/CHT_482.SKT,102615040,263645,2005-11-01 17:04:06 +36,codec block,03d40504
TO7SE,/CHT_483.SKT,102879232,183456,2005-11-01 17:04:06 +36,codec block,0397cc02
TO7SE,/CHT_484.SKT,103063552,129348,2005-11-01 17:04:06 +36,codec block,033bf901
TO7SE,/CHT_485.SKT,103194624,248493,2005-11-01 17:04:06 +36,codec block,03a4ca03
TO7SE,/CHT_486.SKT,103444480,270851,2005-11-01 17:04:06 +36,codec block,03fa2104
TO7SE,/CHT_487.SKT,103716864,280611,2005-11-01 17:04:06 +36,codec block,031a4804
TO7SE,/CHT_488.SKT,103999488,246543,2005-11-01 17:04:06 +36,codec block,0306c303
TO7SE,/CHT_489.SKT,104247296,226689,2005-11-01 17:04:06 +36,codec block,03787503
TO7SE,/CHT_490.SKT,104474624,297401,2005-11-01 17:04:07 +36,codec block,03b08904
TO7SE,/CHT_491.SKT,104773632,254291,2005-11-01 17:04:07 +36,codec block,034ae103
TO7SE,/CHT_492.SKT,105029632,293934,2005-11-01 17:04:07 +36,codec block,03257c04
TO7SE,/CHT_493.SKT,105324544,306625,2005-11-01 17:04:07 +36,codec block,03b8ad04
TO7SE,/CHT_494.SKT,105631744,306976,2005-11-01 17:04:07 +36,codec block,0317af04
TO7SE,/CHT_495.SKT,105938944,295848,2005-11-01 17:04:07 +36,codec block,039f8304
TO7SE,/CHT_496.SKT,106235904,243792,2005-11-01 17:04:07 +36,codec block,0347b803
TO7SE,/CHT_497.SKT,106481664,280120,2005-11-01 17:04:07 +36,codec block,032f4604
TO7SE,/CHT_498.SKT,106762240,203951,2005-11-01 17:04:07 +36,codec block,03a61c03
TO7SE,/CHT_499.SKT,106967040,248773,2005-11-01 17:04:07 +36,codec block,03bccb03
TO7SE,/CHT_500.SKT,107216896,164925,2005-11-01 17:04:07 +36,codec block,03348402
TO7SE,/CHT_501.SKT,107382784,343802,2005-11-01 17:04:07 +36,codec block,03f13e05
TO7SE,/CHT_502.SKT,107726848,290116,2005-11-01 17:04:07 +36,codec block,033b6d04
TO7SE,/CHT_503.SKT,108017664,296319,2005-11-01 17:04:07 +36,codec block,03768504
TO7SE,/CHT_504.SKT,108314624,244799,2005-11-01 17:04:07 +36,codec block,0336bc03
TO7SE,/CHT_505.SKT,108560384,162714,2005-11-01 17:04:07 +36,codec block,03917b02
TO7SE,/CHT_506.SKT,108724224,62443,2005-11-01 17:04:07 +36,codec block,03e2f300
TO7SE,/CHT_507.SKT,108787712,101540,2005-11-01 17:04:07 +36,codec block,039b8c01
TO7SE,/CHT_508.SKT,108890112,57905,2005-11-01 17:04:07 +36,codec block,0328e200
TO7SE,/CHT_509.SKT,108949504,57970,2005-11-01 17:04:07 +36,codec block,0369e200
TO7SE,/CHT_510.SKT,109008896,80083,2005-11-01 17:04:07 +36,codec block,03ca3801
TO7SE,/CHT_511.SKT,109090816,86613,2005-11-01 17:04:07 +36,codec block,034c5201
TO7SE,/CHT_512.SKT,109178880,73525,2005-11-01 17:04:08 +36,codec block,032c1f01
TO7SE,/CHT_513.SKT,109252608,48248,2005-11-01 17:04:08 +36,codec block,036fbc00
TO7SE,/CHT_514.SKT,109301760,97593,2005-11-01 17:04:08 +36,codec block,03307d01
TO7SE,/CHT_515.SKT,109400064,96301,2005-11-01 17:04:08 +36,codec block,03247801
TO7SE,/CHT_516.SKT,109498368,41536,2005-11-06 21:02:18 +36,codec block,0337a200
TO7SE,/CHT_517.SKT,109541376,145731,2005-11-01 17:04:08 +36,codec block,033a3902
TO7SE,/CHT_518.SKT,109688832,125925,2005-11-01 17:04:08 +36,codec block,03dceb01
TO7SE,/CHT_519.SKT,109815808,72193,2005-11-01 17:04:08 +36,codec block,03f81901
TO7SE,/CHT_520.SKT,109889536,97515,2005-11-01 17:04:08 +36,codec block,03e27c01
TO7SE,/CHT_521.SKT,109987840,120316,2005-11-01 17:04:08 +36,codec block,03f3d501
TO7SE,/CHT_522.SKT,110108672,115379,2005-11-01 17:04:08 +36,codec block,03aac201
TO7SE,/CHT_523.SKT,110225408,168403,2005-11-01 17:04:08 +36,codec block,03ca9102
TO7SE,/CHT_524.SKT,110395392,106552,2005-11-01 17:04:08 +36,codec block,032fa001
TO7SE,/CHT_525.SKT,110503936,60480,2005-11-01 17:04:08 +36,codec block,0337ec00
TO7SE,/CHT_526.SKT,110565376,116622,2005-11-01 17:04:08 +36,codec block,0385c701
TO7SE,/CHT_527.SKT,110682112,84106,2005-11-06 23:17:28 +36,codec block,03814801
TO7SE,/CHT_528.SKT,110768128,53941,2005-11-01 17:04:08 +36,codec block,03acd200
TO7SE,/CHT_529.SKT,110823424,108562,2005-11-01 17:04:08 +36,codec block,0309a801
TO7SE,/CHT_530.SKT,110934016,83980,2005-11-01 17:04:08 +36,codec block,03034801
TO7SE,/CHT_531.SKT,111020032,79186,2005-11-01 17:04:08 +36,codec block,03493501
TO7SE,/CHT_532.SKT,111099904,76427,2005-11-01 17:04:08 +36,codec block,03822a01
TO7SE,/CHT_533.SKT,111177728,82752,2005-11-01 17:04:08 +36,codec block,03374301
TO7SE,/CHT_534.SKT,111261696,86329,2005-11-07 20:00:00 +36,codec block,03305101
TO7SE,/CHT_535.SKT,111349760,16120,2005-11-01 17:04:08 +36,codec block,01ef3e00
TO7SE,/CHT_536.SKT,111366144,16120,2005-11-01 17:04:08 +36,codec block,01ef3e00
TO7SE,/CHT_537.SKT,111382528,16120,2005-11-01 17:04:08 +36,codec block,01ef3e00
TO7SE,/CHU.SE2,111398912,224,2005-07-15 12:42:12 +36,iSE2,69534532
TO7SE,/COK.SE2,111400960,224,2005-07-15 12:42:12 +36,iSE2,69534532
TO7SE,/CPO.SE2,111403008,224,2005-07-15 12:42:12 +36,iSE2,69534532
TO7SE,/DIS.SE2,111405056,224,2005-07-15 12:42:12 +36,iSE2,69534532
TO7SE,/EVE.SE2,111407104,224,2005-07-15 12:42:12 +36,iSE2,69534532
TO7SE,/EXD.SE2,111409152,224,2005-07-15 12:42:12 +36,iSE2,69534532
TO7SE,/EXE.SE2,111411200,224,2005-07-15 12:42:12 +36,iSE2,69534532
TO7SE,/FIR.SE2,111413248,224,2005-07-15 12:42:12 +36,iSE2,69534532
TO7SE,/FLY.SE2,111415296,224,2005-07-15 12:42:12 +36,iSE2,69534532
TO7SE,/FON.SE2,111417344,224,2005-07-15 12:42:12 +36,iSE2,69534532
TO7SE,/FOR.SE2,111419392,224,2005-07-15 12:42:12 +36,iSE2,69534532
TO7SE,/FPO.SE2,111421440,224,2005-07-15 12:42:12 +36,iSE2,69534532
TO7SE,/GLD.SE2,111423488,224,2005-07-15 12:42:12 +36,iSE2,69534532
TO7SE,/GLE.SE2,111425536,224,2005-07-15 12:42:12 +36,iSE2,69534532
TO7SE,/GRA.SE2,111427584,224,2005-07-15 12:42:12 +36,iSE2,69534532
TO7SE,/HEV.SE2,111429632,224,2005-07-15 12:42:12 +36,iSE2,69534532
TO7SE,/HOL.SE2,111431680,224,2005-07-15 12:42:12 +36,iSE2,69534532
TO7SE,/ICE.SE2,111433728,224,2005-07-15 12:42:12 +36,iSE2,69534532
TO7SE,/KIN.SE2,111435776,224,2005-07-15 12:42:12 +36,iSE2,69534532
TO7SE,/LAS.SE2,111437824,224,2005-07-15 12:42:12 +36,iSE2,69534532
TO7SE,/LUK.SE2,111439872,224,2005-07-15 12:42:12 +36,iSE2,69534532
TO7SE,/MAG.SE2,111441920,224,2005-07-15 12:42:12 +36,iSE2,69534532
TO7SE,/MAP.SE2,111443968,174608,2005-11-11 21:01:14 +36,iSE2,69534532
TO7SE,/MAP_AJI.SE2,111620096,358848,2005-11-11 21:01:14 +36,iSE2,69534532
TO7SE,/MAP_ANI.SE2,111980544,578912,2005-11-11 21:01:15 +36,iSE2,69534532
TO7SE,/MAP_BAS.SE2,112560128,434976,2005-11-11 21:01:15 +36,iSE2,69534532
TO7SE,/MAP_BNI.SE2,112996352,121728,2005-11-11 21:01:15 +36,iSE2,69534532
TO7SE,/MAP_CAP.SE2,113119232,478976,2005-11-11 21:01:15 +36,iSE2,69534532
TO7SE,/MAP_CAP2.SE2,113598464,619376,2005-11-11 21:01:21 +36,iSE2,69534532
TO7SE,/MAP_CAP3.SE2,114219008,80800,2005-11-11 21:01:21 +36,iSE2,69534532
TO7SE,/MAP_CAP4.SE2,114300928,184128,2005-11-11 21:01:22 +36,iSE2,69534532
TO7SE,/MAP_CAP5.SE2,114485248,683472,2005-11-11 21:01:22 +36,iSE2,69534532
TO7SE,/MAP_CAS.SE2,115169280,426832,2005-11-11 21:01:16 +36,iSE2,69534532
TO7SE,/MAP_CHD.SE2,115597312,247264,2005-11-11 21:01:16 +36,iSE2,69534532
TO7SE,/MAP_CHU.SE2,115845120,608752,2005-11-11 21:01:16 +36,iSE2,69534532
TO7SE,/MAP_CHU2.SE2,116455424,713424,2005-11-11 21:01:22 +36,iSE2,69534532
TO7SE,/MAP_CHU3.SE2,117170176,224,2005-11-11 21:01:22 +36,iSE2,69534532
TO7SE,/MAP_COK.SE2,117172224,404912,2005-11-11 21:01:16 +36,iSE2,69534532
TO7SE,/MAP_CPO.SE2,117577728,59296,2005-11-11 21:01:16 +36,iSE2,69534532
TO7SE,/MAP_DIS.SE2,117637120,741632,2005-11-11 21:01:16 +36,iSE2,69534532
TO7SE,/MAP_DIS2.SE2,118380544,64768,2005-11-11 21:01:22 +36,iSE2,69534532
TO7SE,/MAP_EVE.SE2,118446080,84096,2005-11-11 21:01:16 +36,iSE2,69534532
TO7SE,/MAP_EXD.SE2,118532096,274320,2005-11-11 21:01:21 +36,iSE2,69534532
TO7SE,/MAP_EXE.SE2,118806528,384496,2005-11-11 21:01:17 +36,iSE2,69534532
TO7SE,/MAP_FIELD00.SE2,119191552,272000,2005-11-11 21:01:21 +36,iSE2,69534532
TO7SE,/MAP_FIELD01.SE2,119463936,388000,2005-11-11 21:01:21 +36,iSE2,69534532
TO7SE,/MAP_FIELD02.SE2,119853056,46112,2005-11-11 21:01:21 +36,iSE2,69534532
TO7SE,/MAP_FIELD03.SE2,119900160,30368,2005-11-11 21:01:21 +36,iSE2,69534532
TO7SE,/MAP_FIR.SE2,119930880,576240,2005-11-11 21:01:17 +36,iSE2,69534532
TO7SE,/MAP_FLY.SE2,120508416,104272,2005-11-11 21:01:17 +36,iSE2,69534532
TO7SE,/MAP_FON.SE2,120612864,480896,2005-11-11 21:01:17 +36,iSE2,69534532
TO7SE,/MAP_FOR.SE2,121094144,75424,2005-11-11 21:01:17 +36,iSE2,69534532
TO7SE,/MAP_FPO.SE2,121169920,217376,2005-11-11 21:01:17 +36,iSE2,69534532
TO7SE,/MAP_GLD.SE2,121389056,691888,2005-11-11 21:01:18 +36,iSE2,69534532
TO7SE,/MAP_GLE.SE2,122081280,324352,2005-11-11 21:01:18 +36,iSE2,69534532
TO7SE,/MAP_GRA.SE2,122406912,474576,2005-11-11 21:01:18 +36,iSE2,69534532
TO7SE,/MAP_HEV.SE2,122882048,500752,2005-11-11 21:01:18 +36,iSE2,69534532
TO7SE,/MAP_HEV2.SE2,123383808,464464,2005-11-11 21:01:22 +36,iSE2,69534532
TO7SE,/MAP_HOL.SE2,123848704,224,2005-11-11 21:01:18 +36,iSE2,69534532
TO7SE,/MAP_ICE.SE2,123850752,727648,2005-11-11 21:01:18 +36,iSE2,69534532
TO7SE,/MAP_ICE2.SE2,124579840,233040,2005-11-11 21:01:22 +36,iSE2,69534532
TO7SE,/MAP_KIN.SE2,124813312,64688,2005-11-11 21:01:18 +36,iSE2,69534532
TO7SE,/MAP_LAS.SE2,124878848,435344,2005-11-11 21:01:18 +36,iSE2,69534532
TO7SE,/MAP_LAS2.SE2,125315072,687104,2005-11-11 21:01:22 +36,iSE2,69534532
TO7SE,/MAP_LAS3.SE2,126003200,658336,2005-11-11 21:01:22 +36,iSE2,69534532
TO7SE,/MAP_LAS4.SE2,126662656,563888,2005-11-11 21:01:22 +36,iSE2,69534532
TO7SE,/MAP_LUK.SE2,127227904,224,2005-11-11 21:01:18 +36,iSE2,69534532
TO7SE,/MAP_MAG.SE2,127229952,87904,2005-11-11 21:01:18 +36,iSE2,69534532
TO7SE,/MAP_MEI.SE2,127318016,660032,2005-11-11 21:01:18 +36,iSE2,69534532
TO7SE,/MAP_MEI2.SE2,127979520,107392,2005-11-11 21:01:21 +36,iSE2,69534532
TO7SE,/MAP_MEI3.SE2,128088064,318640,2005-11-11 21:01:22 +36,iSE2,69534532
TO7SE,/MAP_MEP.SE2,128407552,185232,2005-11-11 21:01:19 +36,iSE2,69534532
TO7SE,/MAP_MIN.SE2,128593920,294816,2005-11-11 21:01:19 +36,iSE2,69534532
TO7SE,/MAP_MIR.SE2,128888832,646800,2005-11-11 21:01:19 +36,iSE2,69534532
TO7SE,/MAP_MIR2.SE2,129536000,314336,2005-11-11 21:01:22 +36,iSE2,69534532
TO7SE,/MAP_MOU.SE2,129851392,149856,2005-11-11 21:01:19 +36,iSE2,69534532
TO7SE,/MAP_MYU.SE2,130002944,734752,2005-11-11 21:01:19 +36,iSE2,69534532
TO7SE,/MAP_MYU2.SE2,130738176,224,2005-11-11 21:01:22 +36,iSE2,69534532
TO7SE,/MAP_NAM.SE2,130740224,696592,2005-11-11 21:01:19 +36,iSE2,69534532
TO7SE,/MAP_NAM2.SE2,131438592,403984,2005-11-11 21:01:22 +36,iSE2,69534532
TO7SE,/MAP_NAM3.SE2,131844096,224,2005-11-11 21:01:22 +36,iSE2,69534532
TO7SE,/MAP_NAM4.SE2,131846144,224,2005-11-11 21:01:22 +36,iSE2,69534532
TO7SE,/MAP_NAM5.SE2,131848192,224,2005-11-11 21:01:22 +36,iSE2,69534532
TO7SE,/MAP_NEV.SE2,131850240,273200,2005-11-11 21:01:21 +36,iSE2,69534532
TO7SE,/MAP_NOR.SE2,132124672,271664,2005-11-11 21:01:20 +36,iSE2,69534532
TO7SE,/MAP_OAS.SE2,132397056,59216,2005-11-11 21:01:20 +36,iSE2,69534532
TO7SE,/MAP_ONP.SE2,132456448,135456,2005-11-11 21:01:20 +36,iSE2,69534532
TO7SE,/MAP_ORG.SE2,132593664,317072,2005-11-11 21:01:20 +36,iSE2,69534532
TO7SE,/MAP_ORP.SE2,132911104,65264,2005-11-11 21:01:20 +36,iSE2,69534532
TO7SE,/MAP_RIV.SE2,132976640,383760,2005-11-11 21:01:20 +36,iSE2,69534532
TO7SE,/MAP_SAI.SE2,133361664,288784,2005-11-11 21:01:20 +36,iSE2,69534532
TO7SE,/MAP_SAN.SE2,133652480,457152,2005-11-11 21:01:20 +36,iSE2,69534532
TO7SE,/MAP_SCO.SE2,134111232,501744,2005-11-11 21:01:20 +36,iSE2,69534532
TO7SE,/MAP_SEA.SE2,134612992,451024,2005-11-11 21:01:20 +36,iSE2,69534532
TO7SE,/MAP_SEA2.SE2,135065600,128848,2005-11-11 21:01:22 +36,iSE2,69534532
TO7SE,/MAP_SEA3.SE2,135194624,364576,2005-11-11 21:01:22 +36,iSE2,69534532
TO7SE,/MAP_SEB.SE2,135561216,391840,2005-11-11 21:01:20 +36,iSE2,69534532
TO7SE,/MAP_SHI.SE2,135954432,707520,2005-11-11 21:01:20 +36,iSE2,69534532
TO7SE,/MAP_SNO.SE2,136663040,684576,2005-11-11 21:01:20 +36,iSE2,69534532
TO7SE,/MAP_SNO2.SE2,137349120,224,2005-11-11 21:01:21 +36,iSE2,69534532
TO7SE,/MAP_SNP.SE2,137351168,104832,2005-11-11 21:01:20 +36,iSE2,69534532
TO7SE,/MAP_SOU.SE2,137457664,758992,2005-11-11 21:01:21 +36,iSE2,69534532
TO7SE,/MAP_SOU2.SE2,138217472,290160,2005-11-11 21:01:22 +36,iSE2,69534532
TO7SE,/MAP_SPW.SE2,138508288,323488,2005-11-11 21:01:21 +36,iSE2,69534532
TO7SE,/MAP_TUN.SE2,138831872,445232,2005-11-11 21:01:21 +36,iSE2,69534532
TO7SE,/MAP_WAT.SE2,139278336,656480,2005-11-11 21:01:21 +36,iSE2,69534532
TO7SE,/MAP_WET.SE2,139935744,224,2005-11-11 21:01:21 +36,iSE2,69534532
TO7SE,/MAP_XX0.SE2,139937792,588016,2005-11-11 21:01:21 +36,iSE2,69534532
TO7SE,/MAP_XX1.SE2,140527616,224,2005-11-11 21:01:21 +36,iSE2,69534532
TO7SE,/MAP_XX2.SE2,140529664,224,2005-11-11 21:01:21 +36,iSE2,69534532
TO7SE,/MAP_XX3.SE2,140531712,224,2005-11-11 21:01:21 +36,iSE2,69534532
TO7SE,/MAP_YUR.SE2,140533760,338944,2005-11-11 21:01:21 +36,iSE2,69534532
TO7SE,/MAP__DB.SE2,140873728,9648,2005-11-11 21:01:14 +36,iSE2,69534532
TO7SE,/MAP__SY.SE2,140883968,150656,2005-11-11 21:01:21 +36,iSE2,69534532
TO7SE,/MEI.SE2,141035520,224,2005-07-15 12:42:12 +36,iSE2,69534532
TO7SE,/MEI2.SE2,141037568,107408,2005-07-15 12:42:12 +36,iSE2,69534532
TO7SE,/MEP.SE2,141146112,224,2005-07-15 12:42:12 +36,iSE2,69534532
TO7SE,/MIN.SE2,141148160,224,2005-07-15 12:42:12 +36,iSE2,69534532
TO7SE,/MIR.SE2,141150208,224,2005-07-15 12:42:12 +36,iSE2,69534532
TO7SE,/MOU.SE2,141152256,224,2005-07-15 12:42:12 +36,iSE2,69534532
TO7SE,/MYU.SE2,141154304,224,2005-07-15 12:42:12 +36,iSE2,69534532
TO7SE,/NAM.SE2,141156352,224,2005-07-15 12:42:12 +36,iSE2,69534532
TO7SE,/NEV.SE2,141158400,224,2005-07-15 12:42:12 +36,iSE2,69534532
TO7SE,/NOR.SE2,141160448,224,2005-07-15 12:42:12 +36,iSE2,69534532
TO7SE,/NTS_SEDATATABLE.SDT,141162496,22144,2005-10-28 20:14:33 +36,?,69736474
TO7SE,/OAS.SE2,141185024,224,2005-07-15 12:42:12 +36,iSE2,69534532
TO7SE,/ONP.SE2,141187072,224,2005-07-15 12:42:12 +36,iSE2,69534532
TO7SE,/ORG.SE2,141189120,224,2005-07-15 12:42:12 +36,iSE2,69534532
TO7SE,/ORP.SE2,141191168,224,2005-07-15 12:42:12 +36,iSE2,69534532
TO7SE,/RIV.SE2,141193216,224,2005-07-15 12:42:12 +36,iSE2,69534532
TO7SE,/SAI.SE2,141195264,224,2005-07-15 12:42:12 +36,iSE2,69534532
TO7SE,/SAN.SE2,141197312,224,2005-07-15 12:42:12 +36,iSE2,69534532
TO7SE,/SCO.SE2,141199360,224,2005-07-15 12:42:12 +36,iSE2,69534532
TO7SE,/SEA.SE2,141201408,224,2005-07-15 12:42:12 +36,iSE2,69534532
TO7SE,/SEB.SE2,141203456,224,2005-07-15 12:42:12 +36,iSE2,69534532
TO7SE,/SHI.SE2,141205504,224,2005-07-15 12:42:12 +36,iSE2,69534532
TO7SE,/SKIT.SB7,141207552,4004,2005-10-05 12:08:43 +36,SB7,53423720
TO7SE,/SNO.SE2,141211648,224,2005-07-15 12:42:12 +36,iSE2,69534532
TO7SE,/SNP.SE2,141213696,224,2005-07-15 12:42:12 +36,iSE2,69534532
TO7SE,/SOU.SE2,141215744,224,2005-07-15 12:42:12 +36,iSE2,69534532
TO7SE,/SPW.SE2,141217792,224,2005-07-15 12:42:12 +36,iSE2,69534532
TO7SE,/SYS.SE2,141219840,87488,2005-11-11 21:01:06 +36,iSE2,69534532
TO7SE,/TUN.SE2,141307904,224,2005-07-15 12:42:12 +36,iSE2,69534532
TO7SE,/VSSVER.SCC,141309952,8656,2005-11-09 23:45:02 +36,VSSVER.SCC,34120100
TO7SE,/WAT.SE2,141320192,224,2005-07-15 12:42:12 +36,iSE2,69534532
TO7SE,/WET.SE2,141322240,224,2005-07-15 12:42:12 +36,iSE2,69534532
TO7SE,/XX0.SE2,141324288,105888,2005-07-15 12:42:12 +36,iSE2,69534532
TO7SE,/XX1.SE2,141430784,224,2005-07-15 12:42:12 +36,iSE2,69534532
TO7SE,/XX2.SE2,141432832,224,2005-07-15 12:42:12 +36,iSE2,69534532
TO7SE,/XX3.SE2,141434880,224,2005-07-15 12:42:12 +36,iSE2,69534532
TO7SE,/YUR.SE2,141436928,224,2005-07-15 12:42:12 +36,iSE2,69534532
TO7SE,/_DB.SE2,141438976,224,2005-07-15 12:42:12 +36,iSE2,69534532
TO7SE,/_SY.SE2,141441024,224,2005-07-15 12:42:12 +36,iSE2,69534532
